id,X_0,X_1
0.0,0.6611750268170208,0.0019550268009570805
1.0,0.37536008821515815,0.0019550268009570805
2.0,0.06111164051453827,0.0019550268009570805
3.0,0.2682202899935566,0.0019550268009570805
4.0,0.3400287757244071,0.0019550268009570805
5.0,0.6062985063216673,0.07943030241738479
6.0,0.4787425640846826,0.07943030241738479
7.0,0.030772211115439697,0.07943030241738479
8.0,0.7969605291001517,0.07943030241738479
9.0,0.03088503097921038,0.07943030241738479
10.0,0.5958818997172857,0.07943030241738479
11.0,0.31490877128733075,0.07943030241738479
12.0,0.7191236148380602,0.07943030241738479
13.0,0.08814407916204334,0.07943030241738479
14.0,0.12596227970842172,0.07943030241738479
15.0,0.23145244440805082,0.07943030241738479
16.0,0.10959167060295862,0.07943030241738479
17.0,0.6578821643362288,0.07943030241738479
18.0,0.17536879844431752,0.07943030241738479
19.0,0.4992188262958292,0.07943030241738479
20.0,0.26610478763780765,0.07943030241738479
21.0,0.6453160353186148,0.07943030241738479
22.0,0.17849729663928784,0.07943030241738479
23.0,0.5132986284570661,0.07943030241738479
24.0,0.22794744055713034,0.24575565099791072
25.0,0.17363053747847884,0.24575565099791072
26.0,0.09497914346884696,0.24575565099791072
27.0,0.6797040798513998,0.24575565099791072
28.0,0.3706589534419398,0.24575565099791072
29.0,0.5312053853420358,0.24575565099791072
30.0,0.37217392373209496,0.24575565099791072
31.0,0.5770312645089074,0.24575565099791072
32.0,0.5699794238273326,0.24575565099791072
33.0,0.4749881508250589,0.24575565099791072
34.0,0.7056358310835891,0.24575565099791072
35.0,0.5607940634942334,1e-15
36.0,0.20804020292947165,1e-15
37.0,0.5763322258105313,1e-15
38.0,0.7208794368623688,1e-15
39.0,0.747965708630932,1e-15
40.0,0.022157428398651143,1e-15
41.0,0.27739000427148536,1e-15
42.0,0.4360036920352603,1e-15
43.0,0.442814610917284,1e-15
44.0,0.3321220695026409,1e-15
45.0,0.7820232517244524,1e-15
46.0,0.48883578261666377,1e-15
47.0,0.44400855695283914,1e-15
48.0,0.7781845710834853,1e-15
49.0,0.292863261908654,1e-15
50.0,0.25322729311081893,1e-15
51.0,0.31781331279664016,1e-15
52.0,0.10566599100622108,1e-15
53.0,0.6383312301402331,1e-15
54.0,0.5488702600726346,1e-15
55.0,0.3429437569001956,1e-15
56.0,0.739039493625722,1e-15
57.0,0.23478925573901335,1e-15
58.0,0.520374246155906,1e-15
59.0,0.5261212509037004,1e-15
60.0,0.07516955176096014,1e-15
61.0,0.29566775658630634,1e-15
62.0,0.23015934511877714,1e-15
63.0,0.5810491476405341,0.16926527534517416
64.0,0.7216331031751716,0.16926527534517316
65.0,0.5307161112194541,0.16926527534517316
66.0,0.3258073093641503,0.16926527534517316
67.0,0.6224618780382244,0.16926527534517316
68.0,0.41215722196142945,0.16926527534517316
69.0,0.6977181747838279,0.16926527534517316
70.0,0.12052724977786433,0.16926527534517316
71.0,0.4360630765849275,0.16926527534517316
72.0,0.6395985255654042,0.16926527534517316
73.0,0.2048558793908721,0.16926527534517316
74.0,0.46688268866900184,0.16926527534517316
75.0,0.301676440851801,0.16926527534517316
76.0,0.42949617413125957,0.16926527534517316
77.0,0.008560674107738754,0.16926527534517316
78.0,0.269843285147174,0.2990121656386737
79.0,0.2141109213668001,0.2990121656386737
80.0,0.703094174505171,0.2990121656386737
81.0,0.16956195478349714,0.2990121656386737
82.0,0.25588535752805075,0.2990121656386737
83.0,0.12699480460427454,0.2990121656386737
84.0,0.2589539085344026,0.2990121656386737
85.0,0.3676094142647579,0.2990121656386737
86.0,0.3638300770065931,0.0019550268009570805
87.0,0.6829006596015507,0.09719633500953986
88.0,0.3279978135318628,0.09719633500953986
89.0,0.1485806744724709,0.09719633500953986
90.0,0.21864283963654332,0.09719633500953986
91.0,0.7093564308181843,0.09719633500953986
92.0,0.7561812642155,0.0019550268009570805
93.0,0.18883215132205716,0.0019550268009570805
94.0,0.7497648898950876,0.0019550268009570805
95.0,0.06903980598326591,0.0019550268009570805
96.0,0.7715137518276655,0.0019550268009570805
97.0,0.3239801412630769,0.0019550268009570805
98.0,0.08759282531125293,0.0019550268009570805
99.0,0.29661417355887704,0.235888530514993
100.0,0.7156733788579123,0.235888530514993
101.0,0.33962795184997246,0.235888530514993
102.0,0.2824917925496522,0.235888530514993
103.0,0.23502834389797073,0.235888530514993
104.0,0.06643776553755823,0.235888530514993
105.0,0.42433819450125915,0.235888530514993
106.0,0.5083938116740717,0.235888530514993
107.0,0.6906165442731979,0.235888530514993
108.0,0.47273892784206517,0.235888530514993
109.0,0.7212347890612759,0.42282919319795187
110.0,0.7230818423589702,0.18694066268295884
111.0,0.6528999352793705,0.18694066268295884
112.0,0.02840243951781928,0.18694066268295884
113.0,0.265074797187475,0.18694066268295884
114.0,0.3739832793264591,0.18694066268295884
115.0,0.08263778477880307,0.18694066268295884
116.0,0.46049912212671074,0.18694066268295884
117.0,0.4769976724576648,0.0019550268009570805
118.0,0.6311478585663586,0.0019550268009570805
119.0,0.13637615295158814,0.0019550268009570805
120.0,0.2184500700071839,0.0019550268009570805
121.0,0.19712764307288608,0.0019550268009570805
122.0,0.31315474160243234,0.28440318132670594
123.0,0.11011080752097072,0.28440318132670594
124.0,0.29541711628840184,0.28440318132670594
125.0,0.5072668454960308,0.28440318132670594
126.0,0.7107350428106562,0.28440318132670594
127.0,0.31909856928270364,0.28440318132670594
128.0,0.2503545892314074,0.28440318132670594
129.0,0.4782351703300941,0.28440318132670594
130.0,0.7238652876784533,0.28440318132670594
131.0,0.6664655253250791,0.28440318132670594
132.0,0.07720849072607805,0.09129143705439736
133.0,0.2231204898925931,0.09129143705439736
134.0,0.27133049863264797,0.09129143705439736
135.0,0.6561881681183038,0.09129143705439736
136.0,0.042772771300442616,0.09129143705439736
137.0,0.7033589504712618,0.09129143705439736
138.0,0.44303120469305324,0.09129143705439736
139.0,0.59725634147995,0.0019550268009570805
140.0,0.6261269378792519,0.0019550268009570805
141.0,0.7612703956076926,0.0019550268009570805
142.0,0.626862577309819,0.2366265799148881
143.0,0.09671141707245202,0.2366265799148881
144.0,0.24194526618734327,0.2366265799148881
145.0,0.5388765743144724,0.2366265799148881
146.0,0.1637657974760509,0.2366265799148881
147.0,0.5031570484395306,0.2366265799148881
148.0,0.2695064613352634,0.2366265799148881
149.0,0.5419150666325893,0.2366265799148881
150.0,0.5479428274192546,0.2366265799148881
151.0,0.06739354395192447,0.2366265799148881
152.0,0.24618845885452523,0.2366265799148881
153.0,0.5774363602753038,0.2366265799148881
154.0,0.6910515662807538,0.0019550268009570805
155.0,0.625251727665728,0.004719408985486181
156.0,0.3017195635321398,0.004719408985486181
157.0,0.564584189278628,0.004719408985486181
158.0,0.3457457016547859,0.004719408985486181
159.0,0.19798714179149893,0.004719408985486181
160.0,0.11009963912480106,0.0019550268009570805
161.0,0.41459273040651995,0.0019550268009570805
162.0,0.7667065361338968,0.0019550268009570805
163.0,0.12499978378174743,0.0019550268009570805
164.0,0.18356762511803404,0.0019550268009570805
165.0,0.6340629672791552,0.28049319625718244
166.0,0.16976428123134596,0.28049319625718244
167.0,0.19149700833335564,0.28049319625718244
168.0,0.519916836891051,0.28049319625718244
169.0,0.5676747793447814,0.28049319625718244
170.0,0.29443319303681453,0.061129080688393525
171.0,0.16686345831042795,0.061129080688393525
172.0,0.4783104927972578,0.061129080688393525
173.0,0.613456917147537,0.061129080688393525
174.0,0.5179362316669375,0.061129080688393525
175.0,0.04479108531055083,0.061129080688393525
176.0,0.6877020660577917,0.061129080688393525
177.0,0.5971519981186629,0.061129080688393525
178.0,0.18390489245707145,0.15006793584047445
179.0,0.5759683785110916,0.08893885515208091
180.0,0.18385705846892011,0.08893885515208091
181.0,0.6063869855089514,0.08893885515208091
182.0,0.027873982246453936,0.08893885515208091
183.0,0.27431518655639453,0.08893885515208091
184.0,0.5720592159655821,0.08893885515208091
185.0,0.11838064704572172,0.08893885515208091
186.0,0.08260678491550368,0.08893885515208091
187.0,0.0008137486403843874,0.08893885515208091
188.0,0.7867917728070288,0.08893885515208091
189.0,0.6748092683462092,0.08893885515208091
190.0,0.23046491111979897,0.08893885515208091
191.0,0.4056553900766349,0.2036560981088728
192.0,0.5938722923327319,0.11471724295679189
193.0,0.11916225503799535,0.11471724295679189
194.0,0.795001933595913,0.11471724295679189
195.0,0.5939248767372897,0.11471724295679189
196.0,0.6750430021057646,0.11471724295679189
197.0,0.6343494945597523,0.11471724295679189
198.0,0.257374273150623,0.11471724295679189
199.0,0.4002662762369683,0.11471724295679189
200.0,0.5839943099065257,0.11471724295679189
201.0,0.15523867429717036,0.11471724295679189
202.0,0.7855349181299522,0.11471724295679189
203.0,0.20481192689942568,0.11471724295679189
204.0,0.6833142367655585,0.11471724295679189
205.0,0.547268656478889,0.11471724295679189
206.0,0.7081927750698492,0.11471724295679189
207.0,0.731932452483103,0.11471724295679189
208.0,0.5674081421545734,0.17930978307749165
209.0,0.7914963171481602,0.17930978307749165
210.0,0.15144815577926576,0.17930978307749165
211.0,0.17391462088583926,0.17930978307749165
212.0,0.34037054715132936,0.17930978307749165
213.0,0.7044038013863697,0.17930978307749165
214.0,0.7470146092972529,0.17930978307749165
215.0,0.6931063468285911,0.17930978307749165
216.0,0.5384407289542653,0.17930978307749165
217.0,0.7146221710401234,0.17930978307749165
218.0,0.6892653657777976,0.17930978307749165
219.0,0.6828482698555908,0.17930978307749165
220.0,0.4955198180541808,0.08634353996614023
221.0,0.35746603354565376,0.08634353996614023
222.0,0.0451680960942247,0.08634353996614023
223.0,0.7235857875247207,0.08634353996614023
224.0,0.4357346755696486,0.08634353996614023
225.0,0.10448123360843883,0.08634353996614023
226.0,0.5963483672995615,0.08634353996614023
227.0,0.22521509219032002,0.08634353996614023
228.0,0.04592063248429513,0.08634353996614023
229.0,0.007667122055313057,0.08634353996614023
230.0,0.38725078011693237,0.08634353996614023
231.0,0.05463637656299907,0.08634353996614023
232.0,0.5800457918502546,0.08634353996614023
233.0,0.7597403265867343,0.1150810447569748
234.0,0.5037559278846306,0.028737504790834565
235.0,0.28880904303547644,0.028737504790834565
236.0,0.3051633222111006,0.028737504790834565
237.0,0.038805624933112064,0.028737504790834565
238.0,0.08274758763766825,0.028737504790834565
239.0,0.17056570673633076,0.028737504790834565
240.0,0.6292371588632044,0.028737504790834565
241.0,0.26876581247734194,0.028737504790834565
242.0,0.07680744316214726,0.028737504790834565
243.0,0.2444144704153738,0.028737504790834565
244.0,0.004602041136834913,0.028737504790834565
245.0,0.3986438121617673,0.028737504790834565
246.0,0.4763000074475737,0.028737504790834565
247.0,0.6131805809634866,0.028737504790834565
248.0,0.21995701407239815,0.028737504790834565
249.0,0.3432228860559395,0.028737504790834565
250.0,0.2857477878360083,0.028737504790834565
251.0,0.6486841904730916,0.028737504790834565
252.0,0.4918573048866436,0.028737504790834565
253.0,0.42849459088138114,0.028737504790834565
254.0,0.23284769234530509,0.028737504790834565
255.0,0.11720250978108161,0.0019550268009570805
256.0,0.6766018803546562,0.3701651465512447
257.0,0.5750599408907383,0.3701651465512447
258.0,0.30139410328325944,0.3701651465512447
259.0,0.18389641757112687,0.3701651465512447
260.0,0.014311974574170376,0.01978669306458612
261.0,0.7275310067400029,0.01978669306458612
262.0,0.7623377841451798,0.01978669306458612
263.0,0.21342553802973407,0.01978669306458612
264.0,0.42116678268300417,0.01978669306458612
265.0,0.6507550266716379,0.01978669306458612
266.0,0.27546958212375827,0.01978669306458612
267.0,0.3206683360280392,0.0019550268009570805
268.0,0.5294008099042027,0.0019550268009570805
269.0,0.3909296227109709,0.07441614933004836
270.0,0.6408007194504013,0.07441614933004836
271.0,0.6452060853230929,0.07441614933004836
272.0,0.7680919012966658,0.07441614933004836
273.0,0.6812348154164977,0.07441614933004836
274.0,0.005798852196195595,0.07441614933004836
275.0,0.19567401331144435,0.07441614933004836
276.0,0.560563539429214,0.07441614933004836
277.0,0.4110552701020067,0.2767874107261593
278.0,0.16749780805731956,0.20237126139611097
279.0,0.34183220071557896,0.20237126139611097
280.0,0.4023497351593566,0.20237126139611097
281.0,0.4958948397025827,0.20237126139611097
282.0,0.34434305532824994,0.20237126139611097
283.0,0.505890337788466,0.20237126139611097
284.0,0.5035848504266474,0.20237126139611097
285.0,0.6933016056404734,0.10627829375827007
286.0,0.7389735501468364,0.10627829375827007
287.0,0.606695635483897,0.10627829375827007
288.0,0.22871520446852592,0.10627829375827007
289.0,0.4070107163751423,0.10627829375827007
290.0,0.019544836529899228,0.10627829375827007
291.0,0.15401962533174776,0.10627829375827007
292.0,0.6172534280500369,0.10627829375827007
293.0,0.6397996692405757,0.10627829375827007
294.0,0.23283761760763427,0.10627829375827007
295.0,0.22758407504183573,0.10627829375827007
296.0,0.013383137835582601,0.24658206590037587
297.0,0.5721155265442722,0.24658206590037587
298.0,0.4695619864697453,0.24658206590037587
299.0,0.5498838797280662,0.24658206590037587
300.0,0.36751111523738483,0.24658206590037587
301.0,0.7136631672065058,0.24658206590037587
302.0,0.685931123322817,0.11304201329011754
303.0,0.648762197195045,0.11304201329011754
304.0,0.6143264836065395,0.11304201329011754
305.0,0.13827019669540197,0.11304201329011754
306.0,0.27531976031161953,0.11304201329011754
307.0,0.07893583612758978,0.11304201329011754
308.0,0.6814497889175308,0.11304201329011754
309.0,0.23873719472316035,0.0019550268009570805
310.0,0.7430892195185653,0.5107499336299928
311.0,0.280744761313108,0.5107499336299928
312.0,0.5560793494059982,0.5107499336299928
313.0,0.4532805637749309,0.5107499336299928
314.0,0.3413245948138526,0.023447052456848468
315.0,0.5541147360040468,0.023447052456848468
316.0,0.5137287446421488,0.023447052456848468
317.0,0.0682094435081136,0.023447052456848468
318.0,0.5574700913722096,0.023447052456848468
319.0,0.4900304560929222,0.023447052456848468
320.0,0.1441005134602348,0.023447052456848468
321.0,0.7435228237668344,0.023447052456848468
322.0,0.6129146545527986,0.023447052456848468
323.0,0.43623992586541266,0.023447052456848468
324.0,0.2445485698402849,0.023447052456848468
325.0,0.43478646257857734,0.023447052456848468
326.0,0.42589907456968845,0.023447052456848468
327.0,0.3367498041053386,0.023447052456848468
328.0,0.33316564910525925,0.023447052456848468
329.0,0.07794171673471646,0.023447052456848468
330.0,0.6561773238170399,0.023447052456848468
331.0,0.032827343716225046,0.023447052456848468
332.0,0.15549161302525985,0.023447052456848468
333.0,0.5756047343898725,0.023447052456848468
334.0,0.25561435336299115,0.023447052456848468
335.0,0.762739690120504,0.14276825473887184
336.0,0.28630224692171374,0.14276825473887184
337.0,0.1362242999667491,0.14276825473887184
338.0,0.018437131293599415,0.14276825473887184
339.0,0.5972195016341321,0.14276825473887184
340.0,0.3263958310150348,0.14276825473887184
341.0,0.2741429526359078,0.14276825473887184
342.0,0.15021462876322259,0.14276825473887184
343.0,0.23578466011632748,0.14276825473887184
344.0,0.4823601781165237,0.14276825473887184
345.0,0.5099000265294161,0.14276825473887184
346.0,0.0957989286733693,0.14276825473887184
347.0,0.40204093121785295,0.14276825473887184
348.0,0.7503148262823478,0.0019550268009570805
349.0,0.4947732949322424,0.0019550268009570805
350.0,0.19208280419880952,0.3306240870222094
351.0,0.06290954402006527,0.3306240870222094
352.0,0.3009260886281701,0.3306240870222094
353.0,0.28255901828980784,0.3306240870222094
354.0,0.5695722877506836,0.3306240870222094
355.0,0.7348447716981026,0.3306240870222094
356.0,0.5685872545466004,0.3306240870222094
357.0,0.6097322463513761,0.0019550268009570805
358.0,0.11774551933115289,0.22036822517294144
359.0,0.6850610857573973,0.22036822517294144
360.0,0.30678496383579346,0.22036822517294144
361.0,0.26083482639070654,0.22036822517294144
362.0,0.17613406792569028,0.22036822517294144
363.0,0.2641203635860951,0.22036822517294144
364.0,0.30258052437287003,0.22036822517294144
365.0,0.5057336937031714,0.22036822517294144
366.0,0.6927675295446534,0.22036822517294144
367.0,0.4955345391286871,0.310488480992382
368.0,0.43544414787133084,0.09012025581944057
369.0,0.5072826231893318,0.09012025581944057
370.0,0.2185938929509274,0.09012025581944057
371.0,0.5918820859983367,0.09012025581944057
372.0,0.07286471566880313,0.09012025581944057
373.0,0.11781830408814944,0.0019550268009570805
374.0,0.0028159933193279197,0.0019550268009570805
375.0,0.019594400850232528,0.0019550268009570805
376.0,0.5918317254271295,0.0019550268009570805
377.0,0.0925675870637169,0.0019550268009570805
378.0,0.694639473394835,0.0019550268009570805
379.0,0.6038092463193179,0.0019550268009570805
380.0,0.07693129718088937,0.0019550268009570805
381.0,0.4312583946172948,0.0019550268009570805
382.0,0.5422943942683501,0.0019550268009570805
383.0,0.23934285281190457,0.0019550268009570805
384.0,0.45095026591290016,0.0019550268009570805
385.0,0.5458848400058994,0.0019550268009570805
386.0,0.30575607231738994,0.0019550268009570805
387.0,0.0619540040746045,0.0019550268009570805
388.0,0.13742591733515866,0.0019550268009570805
389.0,0.11797309804575733,0.0019550268009570805
390.0,0.3263277163843021,0.0019550268009570805
391.0,0.7869067308064327,0.0019550268009570805
392.0,0.22816248430380148,0.0019550268009570805
393.0,0.012188836325517725,0.0019550268009570805
394.0,0.16133904581539668,0.0019550268009570805
395.0,0.2868683873083762,0.0019550268009570805
396.0,0.0979082722314511,0.0019550268009570805
397.0,0.4263333544666993,0.0019550268009570805
398.0,0.2772444483508596,0.0019550268009570805
399.0,0.6427715927307315,0.0019550268009570805
400.0,0.15179440585912496,0.0019550268009570805
401.0,0.5625455073886589,0.0019550268009570805
402.0,0.10673266123305834,0.0019550268009570805
403.0,0.7461315004710443,0.0019550268009570805
404.0,0.7122444235105644,0.13215341231976296
405.0,0.31515099683151615,0.13215341231976296
406.0,0.03534152872360512,0.13215341231976296
407.0,0.5566357686927332,0.13215341231976296
408.0,0.786375681044742,0.13215341231976296
409.0,0.20283130861929005,0.13215341231976296
410.0,0.7387968339766712,0.0019550268009570805
411.0,0.15708855642843095,0.0019550268009570805
412.0,0.47075800712844923,0.2037360633016694
413.0,0.04833606172346561,0.2037360633016694
414.0,0.44775760226528627,0.2037360633016694
415.0,0.6491099822235128,0.2037360633016694
416.0,0.030723134876749755,0.2037360633016694
417.0,0.4893782252152863,0.2037360633016694
418.0,0.7464304097385144,0.2037360633016694
419.0,0.6609745081573485,0.2037360633016694
420.0,0.6454245695019312,0.2037360633016694
421.0,0.32072917125745093,0.2037360633016694
422.0,0.697655958687365,0.2037360633016694
423.0,0.6214858733454296,0.2037360633016694
424.0,0.5042358835101255,0.2037360633016694
425.0,0.3495786169761509,0.0019550268009570805
426.0,0.2072284794868106,0.0019550268009570805
427.0,0.3324343970710487,0.0019550268009570805
428.0,0.6370354009575798,0.0019550268009570805
429.0,0.08537257491680016,0.0019550268009570805
430.0,0.430142688693768,0.06230182876026228
431.0,0.3767942200984406,0.06230182876026228
432.0,0.7789241873916231,0.06230182876026228
433.0,0.6114628619335721,0.06230182876026228
434.0,0.03343045649662345,0.06230182876026228
435.0,0.0032473977076036453,0.06230182876026228
436.0,0.3850079933062819,0.06230182876026228
437.0,0.2721309212215381,0.06230182876026228
438.0,0.5760687339255618,0.06230182876026228
439.0,0.2878299726428393,0.06230182876026228
440.0,0.6445488397509035,0.06230182876026228
441.0,0.2861961878054571,0.06230182876026228
442.0,0.7330980028855257,0.06230182876026228
443.0,0.13797237948510824,0.06230182876026228
444.0,0.2167289697606532,0.06230182876026228
445.0,0.7095099768512324,0.06230182876026228
446.0,0.118649973991896,0.06230182876026228
447.0,0.4154832051060026,0.1132220716805557
448.0,0.1663519817266735,0.1132220716805557
449.0,0.39065861699239784,0.1132220716805557
450.0,0.17788912501418302,0.14973777869611862
451.0,0.48323079039847716,0.14973777869611862
452.0,0.7515235779656251,0.14973777869611862
453.0,0.27741977803868295,0.14973777869611862
454.0,0.15502887767777868,0.14973777869611862
455.0,0.044662171321574864,0.14973777869611862
456.0,0.16054082395497016,0.14973777869611862
457.0,0.4534958491891205,0.14973777869611862
458.0,0.5694481578715657,0.3886527060398048
459.0,0.09339526719613468,0.3886527060398048
460.0,0.7258713364461994,0.3886527060398048
461.0,0.13300616091793968,0.3886527060398048
462.0,0.6167273100370766,0.3886527060398048
463.0,0.5416410310808653,0.3886527060398048
464.0,0.10232526136094049,0.39483774660576393
465.0,0.18457367201898045,0.006185040565959166
466.0,0.087300054471754,0.006185040565959166
467.0,0.022132940372698886,0.006185040565959166
468.0,0.1680268954245358,0.006185040565959166
469.0,0.5006829972151277,0.006185040565959166
470.0,0.643975859328135,0.006185040565959166
471.0,0.4189768809929934,0.006185040565959166
472.0,0.28132941697624697,0.006185040565959166
473.0,0.7610429879694134,0.006185040565959166
474.0,0.7969828501471165,0.006185040565959166
475.0,0.5615585012751245,0.006185040565959166
476.0,0.1214594583351159,0.006185040565959166
477.0,0.47129079436109333,0.2750671622605277
478.0,0.48724120143981453,0.2750671622605277
479.0,0.4407551373110768,0.2750671622605277
480.0,0.3727722932917588,0.2750671622605277
481.0,0.5538076609562301,0.2750671622605277
482.0,0.4066645277514332,0.2750671622605277
483.0,0.18288896905349974,0.4133506187124547
484.0,0.5862819932363489,0.138283456451927
485.0,0.028848319302879052,0.138283456451927
486.0,0.46862442300017393,0.138283456451927
487.0,0.10337450846367367,0.138283456451927
488.0,0.13535967454246395,0.138283456451927
489.0,0.6172072036676766,0.0019550268009570805
490.0,0.2115040780544271,0.49924064606684637
491.0,0.4997388340755564,0.49924064606684637
492.0,0.2739110238258112,0.49924064606684637
493.0,0.2393688635348338,0.49924064606684637
494.0,0.7286774886676537,0.030580546785375123
495.0,0.3121792911579411,0.030580546785375123
496.0,0.07641060372944225,0.030580546785375123
497.0,0.08376949923441541,0.030580546785375123
498.0,0.31182728969296397,0.030580546785375123
499.0,0.5686977525333126,0.030580546785375123
500.0,0.2835592484360147,0.030580546785375123
501.0,0.4060542620824634,0.030580546785375123
502.0,0.397265866780508,0.030580546785375123
503.0,0.5321945148915923,0.030580546785375123
504.0,0.22710364489388438,0.030580546785375123
505.0,0.5792925499897559,0.030580546785375123
506.0,0.7892767285095564,0.030580546785375123
507.0,0.18655483449710356,0.030580546785375123
508.0,0.28834154913214227,0.030580546785375123
509.0,0.41975922301269963,0.24140498866423352
510.0,0.6884403617793059,0.24140498866423352
511.0,0.5092004530133861,0.24140498866423352
512.0,0.699560280298374,0.24140498866423352
513.0,0.6623713124253444,0.24140498866423352
514.0,0.7847345077880017,0.24140498866423352
515.0,0.02550117311007161,0.24140498866423352
516.0,0.4180408258690658,0.24140498866423352
517.0,0.10559851822904703,0.24140498866423352
518.0,0.0078122979246819995,0.24140498866423352
519.0,0.11666579742809784,0.24140498866423352
520.0,0.1515756251579224,0.24140498866423352
521.0,0.3028960280553641,0.20729573640285287
522.0,0.6616540724209465,0.20729573640285287
523.0,0.1267386476286749,0.20729573640285287
524.0,0.195531845704025,0.20729573640285287
525.0,0.5435141740679474,0.20729573640285287
526.0,0.555338272093937,0.20729573640285287
527.0,0.7156583659021641,0.20729573640285287
528.0,0.6445071114169184,0.20729573640285287
529.0,0.5690989434456413,0.20729573640285287
530.0,0.5212920301712087,0.20729573640285287
531.0,0.7808574049652395,0.4329263348486502
532.0,0.20544106221279818,0.22563059844579733
533.0,0.7721337807256936,0.22563059844579733
534.0,0.18243795701638396,0.22563059844579733
535.0,0.13882756845181968,0.22563059844579733
536.0,0.055694295575843544,0.22563059844579733
537.0,0.47867484277656447,0.22563059844579733
538.0,0.7646821198147095,0.2713727235868913
539.0,0.1156613221703819,0.2713727235868913
540.0,0.5181418229457199,0.2713727235868913
541.0,0.6514136061900487,0.2713727235868913
542.0,0.42578207825669645,0.23491853137066304
543.0,0.772271149263614,0.23491853137066304
544.0,0.1737484093302504,0.23491853137066304
545.0,0.24265119665558157,0.23491853137066304
546.0,0.12202580083890702,0.23491853137066304
547.0,0.26538668045365493,0.0019550268009570805
548.0,0.3113612149987968,0.0019550268009570805
549.0,0.22261266138748964,0.0019550268009570805
550.0,0.022945289424926293,0.16568868696044756
551.0,0.05200121660780309,0.16568868696044756
552.0,0.2548291907596772,0.16568868696044756
553.0,0.6838013667391638,0.16568868696044756
554.0,0.07168963714362281,0.16568868696044756
555.0,0.41650962138742414,0.38414887246245394
556.0,0.23161182372134484,0.38414887246245394
557.0,0.7456369510694235,0.38414887246245394
558.0,0.09918804283179913,0.252836837501626
559.0,0.6381279351438244,0.252836837501626
560.0,0.7790089341353432,0.252836837501626
561.0,0.46102469742410745,0.0019550268009570805
562.0,0.18761164429762553,0.3094987397274046
563.0,0.05306962517538679,0.3094987397274046
564.0,0.5618894996196512,0.3094987397274046
565.0,0.7422026208130935,0.3094987397274046
566.0,0.5598520327686818,0.0019550268009570805
567.0,0.7400732911283826,0.0019550268009570805
568.0,0.2629080350132182,0.0019550268009570805
569.0,0.22092189195270387,0.008478963896229473
570.0,0.7668144944356176,0.008478963896229473
571.0,0.2666833398724573,0.008478963896229473
572.0,0.014409645138116786,0.008478963896229473
573.0,0.504079423145127,0.008478963896229473
574.0,0.7891874650501025,0.008478963896229473
575.0,0.5575857706764848,0.008478963896229473
576.0,0.7447830673351422,0.0019550268009570805
577.0,0.3464671415863851,0.0019550268009570805
578.0,0.5573920031680657,0.0019550268009570805
579.0,0.517396803488857,0.0019550268009570805
580.0,0.6695170902923108,0.0019550268009570805
581.0,0.2130440782577055,0.0019550268009570805
582.0,0.5808393311050282,0.0019550268009570805
583.0,0.6592022448184846,0.0019550268009570805
584.0,0.4542082009830471,0.0019550268009570805
585.0,0.6758355655974249,0.0019550268009570805
586.0,0.5876648399420059,0.0019550268009570805
587.0,0.16079176452937172,0.0019550268009570805
588.0,0.7098801257518796,0.0019550268009570805
589.0,0.7406683386091149,0.0019550268009570805
590.0,0.5051474466047176,0.0019550268009570805
591.0,0.184358314397527,0.0019550268009570805
592.0,0.5234285794588236,0.0019550268009570805
593.0,0.6634480391818077,0.02567808258956367
594.0,0.7121522192905222,0.02567808258956367
595.0,0.2919971569404911,0.02567808258956367
596.0,0.28833243989459095,0.02567808258956367
597.0,0.6512560166062076,0.02567808258956367
598.0,0.36418517321508875,0.02567808258956367
599.0,0.17713091328404057,0.02567808258956367
600.0,0.7228366867045766,0.02567808258956367
601.0,0.5352369763149147,0.02567808258956367
602.0,0.3718476635245353,0.02567808258956367
603.0,0.6182119559421745,0.02567808258956367
604.0,0.12464955811540711,0.02567808258956367
605.0,0.5381951524450377,0.02567808258956367
606.0,0.26268504230737716,0.02567808258956367
607.0,0.5986641309250957,0.031275296350400154
608.0,0.5856172417479348,0.031275296350400154
609.0,0.05509367474733525,0.031275296350400154
610.0,0.0753242278380266,0.031275296350400154
611.0,0.28931618605628157,0.031275296350400154
612.0,0.3487131405199105,0.031275296350400154
613.0,0.7077242341050031,0.031275296350400154
614.0,0.4775971267483764,0.031275296350400154
615.0,0.05440810581492314,0.031275296350400154
616.0,0.12603747605799245,0.031275296350400154
617.0,0.7951299210573468,0.031275296350400154
618.0,0.07146555542039046,0.031275296350400154
619.0,0.5617403014253005,0.031275296350400154
620.0,0.24273616006737728,0.031275296350400154
621.0,0.3227559819958069,0.031275296350400154
622.0,0.5165689137316821,0.031275296350400154
623.0,0.05324061260096382,0.031275296350400154
624.0,0.7561564104335328,0.031275296350400154
625.0,0.11242254680917955,0.031275296350400154
626.0,0.6407877693785575,0.031275296350400154
627.0,0.23080535264918797,0.031275296350400154
628.0,0.5240682651862756,0.031275296350400154
629.0,0.24206858965431366,0.0019550268009570805
630.0,0.7717090289897219,0.0019550268009570805
631.0,0.5788176085725248,0.10897430224994163
632.0,0.4529256089121636,0.10897430224994163
633.0,0.43599628176437427,0.10897430224994163
634.0,0.6928725897764446,0.10897430224994163
635.0,0.5630012093782892,0.10897430224994163
636.0,0.4781622699652149,0.10897430224994163
637.0,0.1980567296051228,0.10897430224994163
638.0,0.0015979677121582695,0.10897430224994163
639.0,0.7199988854902589,0.10897430224994163
640.0,0.011337395159880501,0.0019550268009570805
641.0,0.38014924327200444,0.0019550268009570805
642.0,0.6542709278377428,0.0019550268009570805
643.0,0.610656182626104,0.0019550268009570805
644.0,0.5904999783268267,0.0019550268009570805
645.0,0.7376851577584874,0.0019550268009570805
646.0,0.528167295858128,0.0019550268009570805
647.0,0.7352634968587434,0.050214937657672945
648.0,0.7131964323276987,0.050214937657672945
649.0,0.6674158890362079,0.050214937657672945
650.0,0.06687494976244353,0.0019550268009570805
651.0,0.46676084416295566,0.0019550268009570805
652.0,0.5670190342476918,0.0019550268009570805
653.0,0.3775283066186257,0.3281932115378124
654.0,0.46364201679432754,0.3281932115378124
655.0,0.2012417719701437,0.3281932115378124
656.0,0.1441497407402461,0.3281932115378124
657.0,0.5705415402906568,0.3281932115378124
658.0,0.16289379678555665,0.12401825319674314
659.0,0.6168649121973048,0.12401825319674314
660.0,0.1414038071971592,0.12401825319674314
661.0,0.7845585887991599,0.12401825319674314
662.0,0.20766675634381002,0.12401825319674314
663.0,0.134044306198385,0.12401825319674314
664.0,0.4566680364289695,0.12401825319674314
665.0,0.3409650151339645,0.12401825319674314
666.0,0.6485215208606377,0.12401825319674314
667.0,0.4643540004194907,0.12401825319674314
668.0,0.6362854139116259,0.21508388560762975
669.0,0.50960703288496,0.21508388560762975
670.0,0.5390900616940553,0.21508388560762975
671.0,0.5961012158600634,0.21508388560762975
672.0,0.5730806092124925,0.21508388560762975
673.0,0.5951032126445844,0.21508388560762975
674.0,0.027616947290674747,0.21508388560762975
675.0,0.4653968518992875,0.21508388560762975
676.0,0.5409292273270901,0.0019550268009570805
677.0,0.27913210202783223,0.0019550268009570805
678.0,0.1795663025825519,0.0019550268009570805
679.0,0.16883936243001174,0.0019550268009570805
680.0,0.6372839761215909,0.0019550268009570805
681.0,0.058776965129834026,0.0019550268009570805
682.0,0.18157772102935854,0.0019550268009570805
683.0,0.28293459758320383,0.0019550268009570805
684.0,0.13350234019244597,0.0019550268009570805
685.0,0.01838784515278373,0.0019550268009570805
686.0,0.5453914365641002,0.0019550268009570805
687.0,0.7597994403075388,0.0019550268009570805
688.0,0.41953644024187314,0.5539952094953097
689.0,0.05999742778961047,0.5539952094953097
690.0,0.6412288248161077,0.5539952094953097
691.0,0.757518258495913,0.0019550268009570805
692.0,0.47058281644078626,0.0019550268009570805
693.0,0.6389567832978511,0.0019550268009570805
694.0,0.4618792372279528,0.0019550268009570805
695.0,0.7336308957458322,0.0019550268009570805
696.0,0.7888128000935849,0.0019550268009570805
697.0,0.7930038507533637,0.0019550268009570805
698.0,0.21798102008021134,0.0019550268009570805
699.0,0.5820335564906995,0.0019550268009570805
700.0,0.7748663491732252,0.0019550268009570805
701.0,0.38668986915272247,0.0019550268009570805
702.0,0.02135135308252427,0.0019550268009570805
703.0,0.06284949704321319,0.0019550268009570805
704.0,0.5926768453790078,0.0019550268009570805
705.0,0.5259909679105956,0.0019550268009570805
706.0,0.7207586311652636,0.0019550268009570805
707.0,0.14367906635756136,0.0019550268009570805
708.0,0.28659936669555247,0.0019550268009570805
709.0,0.7396994216605177,0.0019550268009570805
710.0,0.44887499430643124,0.0019550268009570805
711.0,0.3374240014917138,0.0019550268009570805
712.0,0.7826934425588301,0.0019550268009570805
713.0,0.12687712807205398,0.0019550268009570805
714.0,0.6053668797222305,0.0019550268009570805
715.0,0.278027424060546,0.0019550268009570805
716.0,0.571753519550618,0.0019550268009570805
717.0,0.10044428507029063,0.0019550268009570805
718.0,0.2705226817832753,0.0019550268009570805
719.0,0.4759328752830143,0.0019550268009570805
720.0,0.5705285478252592,0.0019550268009570805
721.0,0.1891960381805598,0.0019550268009570805
722.0,0.7926041874508776,0.0019550268009570805
723.0,0.29102207852421047,0.0019550268009570805
724.0,0.035846507674276086,0.0019550268009570805
725.0,0.6090819277827573,0.0019550268009570805
726.0,0.2600840849692045,0.0019550268009570805
727.0,0.4049423489170232,0.0019550268009570805
728.0,0.5222863859007257,0.0019550268009570805
729.0,0.2738739685538282,0.0019550268009570805
730.0,0.5406112254752331,0.0019550268009570805
731.0,0.11169125411006191,0.0019550268009570805
732.0,0.7333772286229324,0.0019550268009570805
733.0,0.5817172912743416,0.0019550268009570805
734.0,0.6787927533040959,0.0019550268009570805
735.0,0.22798975737710542,0.0019550268009570805
736.0,0.21319579153366774,0.0019550268009570805
737.0,0.08246889740718838,0.0019550268009570805
738.0,0.20178706545723582,0.0019550268009570805
739.0,0.09156871372890528,0.0019550268009570805
740.0,0.0976261566415509,0.0019550268009570805
741.0,0.48078113168992637,0.0019550268009570805
742.0,0.2782236808834069,0.0019550268009570805
743.0,0.49687544682877594,0.0019550268009570805
744.0,0.58960561171115,0.0019550268009570805
745.0,0.15692047623634373,0.0019550268009570805
746.0,0.24586831434895232,0.0019550268009570805
747.0,0.053559558063974874,0.0019550268009570805
748.0,0.4899791191324481,0.0019550268009570805
749.0,0.49444675097436497,0.0019550268009570805
750.0,0.5899960955191088,0.0019550268009570805
751.0,0.3285880595054127,0.0019550268009570805
752.0,0.6709348364374728,0.0019550268009570805
753.0,0.7420458166400359,0.0019550268009570805
754.0,0.28031646707859675,0.0019550268009570805
755.0,0.03861540302110569,0.0019550268009570805
756.0,0.3033785639569838,0.0019550268009570805
757.0,0.6813006193728407,0.0019550268009570805
758.0,0.5913067261966275,0.0019550268009570805
759.0,0.5975310935823201,0.0019550268009570805
760.0,0.19835126166121586,0.0019550268009570805
761.0,0.6086722001780587,0.0019550268009570805
762.0,0.05522258052900971,0.0019550268009570805
763.0,0.6557237303676281,0.0019550268009570805
764.0,0.3617768840638624,0.0019550268009570805
765.0,0.4183614817098596,0.0019550268009570805
766.0,0.5832266654154107,0.0019550268009570805
767.0,0.16468210316039117,0.0019550268009570805
768.0,0.32306406281611183,0.0019550268009570805
769.0,0.556989199107973,0.0019550268009570805
770.0,0.5703276529525415,0.0019550268009570805
771.0,0.2173524895292278,0.0019550268009570805
772.0,0.7040951922281973,0.0019550268009570805
773.0,0.06657644837905795,0.0019550268009570805
774.0,0.4206573340278011,0.0019550268009570805
775.0,0.4133061095855725,0.0019550268009570805
776.0,0.4334687641441612,0.0019550268009570805
777.0,0.6441276354545309,0.0019550268009570805
778.0,0.5621154816328071,0.0019550268009570805
779.0,0.20981018851804092,0.0019550268009570805
780.0,0.4824509844143776,0.0019550268009570805
781.0,0.6258778901853784,0.0019550268009570805
782.0,0.23684134651953692,0.0019550268009570805
783.0,0.4448059601632519,0.008402354902240195
784.0,0.6184699360344482,0.008402354902240195
785.0,0.7387000875459809,0.008402354902240195
786.0,0.4792674500330153,0.008402354902240195
787.0,0.5441903045775464,0.008402354902240195
788.0,0.606560816060197,0.008402354902240195
789.0,0.5387878463174037,0.008402354902240195
790.0,0.652546590537233,0.008402354902240195
791.0,0.24167860216731124,0.008402354902240195
792.0,0.7751035252265311,0.008402354902240195
793.0,0.20587161415203106,0.008402354902240195
794.0,0.47125792937354277,0.008402354902240195
795.0,0.5219890087976311,0.008402354902240195
796.0,0.16217560062044578,0.008402354902240195
797.0,0.5924236053899491,0.008402354902240195
798.0,0.03339930155235208,0.008402354902240195
799.0,0.4476719978181231,0.008402354902240195
800.0,0.5557427235419747,0.008402354902240195
801.0,0.46496449429756115,0.008402354902240195
802.0,0.02649730338674692,0.008402354902240195
803.0,0.19952136817577198,0.008402354902240195
804.0,0.0367511858458738,0.008402354902240195
805.0,0.7739089155713421,0.008402354902240195
806.0,0.1530519248148363,0.008402354902240195
807.0,0.7737992494972951,0.008402354902240195
808.0,0.6513265743545014,0.008402354902240195
809.0,0.7733955334721778,0.008402354902240195
810.0,0.7205984633767051,0.008402354902240195
811.0,0.22939916454978826,0.008402354902240195
812.0,0.014969974323452512,0.008402354902240195
813.0,0.07265183793492692,0.008402354902240195
814.0,0.16745726139683584,0.008402354902240195
815.0,0.6254186066015393,0.008402354902240195
816.0,0.7562979900925255,0.008402354902240195
817.0,0.6592714453031121,0.008402354902240195
818.0,0.08184446540605622,0.008402354902240195
819.0,0.5882601687432917,0.23722043665518935
820.0,0.36311091535814843,0.23722043665518935
821.0,0.15682635037080572,0.23722043665518935
822.0,0.3368137149646606,0.23722043665518935
823.0,0.4190537241966863,0.23722043665518935
824.0,0.2779962831764658,0.32725481736451423
825.0,0.743200978667411,0.09003438070932485
826.0,0.545666617371374,0.09003438070932485
827.0,0.7708004844948014,0.09003438070932485
828.0,0.30750529977376767,0.09003438070932485
829.0,0.25377472235718557,0.09003438070932485
830.0,0.033875991708052236,0.09003438070932485
831.0,0.5106627336523825,0.09003438070932485
832.0,0.06572901235087728,0.09003438070932485
833.0,0.5864836405324021,0.09003438070932485
834.0,0.5513999013710623,0.09003438070932485
835.0,0.02846674458067192,0.09003438070932485
836.0,0.6189895067140035,0.09003438070932485
837.0,0.2577626780785542,0.09003438070932485
838.0,0.6928615827418086,0.09003438070932485
839.0,0.3633644928163079,0.09003438070932485
840.0,0.5236952623856894,0.13039279179246566
841.0,0.37847352687705915,0.040358411083140824
842.0,0.6410357355937032,0.040358411083140824
843.0,0.24816811747163928,0.040358411083140824
844.0,0.16711960071118595,0.0019550268009570805
845.0,0.08447848325970107,0.0019550268009570805
846.0,0.1449371151816068,0.0019550268009570805
847.0,0.6193241989639294,0.0019550268009570805
848.0,0.5297959209587745,0.0019550268009570805
849.0,0.20067156464453276,0.0019550268009570805
850.0,0.7661021246194105,0.0019550268009570805
851.0,0.4267985017703303,0.0019550268009570805
852.0,0.16619127350018148,0.0019550268009570805
853.0,0.190429058691299,0.0019550268009570805
854.0,0.5746987050227986,0.0019550268009570805
855.0,0.6019483969578727,0.0019550268009570805
856.0,0.004995864046872752,0.0019550268009570805
857.0,0.200172420782691,0.0019550268009570805
858.0,0.7312679642439571,0.0019550268009570805
859.0,0.4450392247465733,0.0019550268009570805
860.0,0.6073613395909278,0.0019550268009570805
861.0,0.3773163644078846,0.0019550268009570805
862.0,0.4142561628008528,0.0019550268009570805
863.0,0.6299832723004534,0.0019550268009570805
864.0,0.35885268945721943,0.0019550268009570805
865.0,0.6980798406172709,0.0019550268009570805
866.0,0.16873101937450527,0.0019550268009570805
867.0,0.35527411288917726,0.0019550268009570805
868.0,0.27620441893075004,0.0019550268009570805
869.0,0.6428099658898859,0.0019550268009570805
870.0,0.5323681160466384,0.0019550268009570805
871.0,0.7207053910695587,0.0019550268009570805
872.0,0.41092593159780233,0.0019550268009570805
873.0,0.3614681093366044,0.04011768962457411
874.0,0.4540487752282258,0.04011768962457411
875.0,0.25179898273135404,0.04011768962457411
876.0,0.5394078593634511,0.04011768962457411
877.0,0.28885570982986275,0.04011768962457411
878.0,0.2669314272427719,0.04011768962457411
879.0,0.3230015314168851,0.0019550268009570805
880.0,0.031063940159249376,0.0019550268009570805
881.0,0.21905337229865005,0.0019550268009570805
882.0,0.17248821596105118,0.0019550268009570805
883.0,0.2919499875819423,0.0019550268009570805
884.0,0.6446294331918688,0.0019550268009570805
885.0,0.24266528247187774,0.0019550268009570805
886.0,0.39499800055362444,0.0019550268009570805
887.0,0.7948122460440041,0.0019550268009570805
888.0,0.12591129085890299,0.0019550268009570805
889.0,0.7880798153591668,0.0019550268009570805
890.0,0.27092086542359417,0.0019550268009570805
891.0,0.5858529162935193,0.0019550268009570805
892.0,0.7114532744212237,0.0019550268009570805
893.0,0.25276555047742477,0.0019550268009570805
894.0,0.22715879157027397,0.0019550268009570805
895.0,0.7050146220156916,0.0019550268009570805
896.0,0.2983992833705985,0.0019550268009570805
897.0,0.6618975690906788,0.0019550268009570805
898.0,0.32931822132793165,0.0019550268009570805
899.0,0.44949722459212665,0.0019550268009570805
900.0,0.1003694891132272,0.0019550268009570805
901.0,0.1901386063532807,0.0019550268009570805
902.0,0.6844561092710009,0.0019550268009570805
903.0,0.4713325054992121,0.0019550268009570805
904.0,0.7505469378555174,0.0019550268009570805
905.0,0.6158405627575421,0.0019550268009570805
906.0,0.07670448034982005,0.0019550268009570805
907.0,0.5615598521368659,0.0019550268009570805
908.0,0.3220965054715731,0.0019550268009570805
909.0,0.2499545134131395,0.0019550268009570805
910.0,0.14699840118157018,0.0019550268009570805
911.0,0.22638590061952538,0.0019550268009570805
912.0,0.458089132834769,0.0019550268009570805
913.0,0.7003637978004541,0.0019550268009570805
914.0,0.39204353283086074,0.0019550268009570805
915.0,0.1691956934513271,0.0019550268009570805
916.0,0.5790495609116574,0.0019550268009570805
917.0,0.13141907124503657,0.0019550268009570805
918.0,0.4861139783961059,0.0019550268009570805
919.0,0.18368177196596913,0.0019550268009570805
920.0,0.38893125272444345,0.0019550268009570805
921.0,0.011592436249260138,0.028384210999536336
922.0,0.7697946200088366,0.028384210999536336
923.0,0.7800685860085554,0.028384210999536336
924.0,0.7499178780211728,0.028384210999536336
925.0,0.23962880053954858,0.028384210999536336
926.0,0.04247047732561281,0.028384210999536336
927.0,0.22966464406906678,0.028384210999536336
928.0,0.4073950551954605,0.028384210999536336
929.0,0.47158781950140977,0.028384210999536336
930.0,0.19497533090221034,0.028384210999536336
931.0,0.40444304906315615,0.028384210999536336
932.0,0.5380706122877107,0.028384210999536336
933.0,0.0037756304332465496,0.028384210999536336
934.0,0.3563950814631236,0.028384210999536336
935.0,0.7837197095420717,0.028384210999536336
936.0,0.3008873114204788,0.028384210999536336
937.0,0.6688846086164553,0.028384210999536336
938.0,0.1814237171441308,0.028384210999536336
939.0,0.3624030133990916,0.028384210999536336
940.0,0.2616063473065684,0.028384210999536336
941.0,0.5237138182229109,0.028384210999536336
942.0,0.7345191081036743,0.028384210999536336
943.0,0.17204653287837046,0.028384210999536336
944.0,0.6558811829857335,0.028384210999536336
945.0,0.6168391468598075,0.0019550268009570805
946.0,0.001630463964970343,0.0019550268009570805
947.0,0.7407704531225876,0.0019550268009570805
948.0,0.4016074077300201,0.0019550268009570805
949.0,0.572593024193785,0.16793821474699394
950.0,0.6194914877361821,0.16793821474699394
951.0,0.4251762674886573,0.16793821474699394
952.0,0.2747871942940704,0.16793821474699394
953.0,0.4620671583319565,0.16793821474699394
954.0,0.034218938629163684,0.16793821474699394
955.0,0.7329644966346038,0.16793821474699394
956.0,0.23849096514350304,0.16793821474699394
957.0,0.6199141600731706,0.16793821474699394
958.0,0.4051726051410845,0.16793821474699394
959.0,0.3920159608637735,0.16793821474699394
960.0,0.4426739021055867,0.0019550268009570805
961.0,0.4974308916482347,0.0019550268009570805
962.0,0.407741710976567,0.0019550268009570805
963.0,0.42403196186460757,0.0019550268009570805
964.0,0.24965107146636115,0.0019550268009570805
965.0,0.03915832426446452,0.0019550268009570805
966.0,0.6541187597571299,0.0019550268009570805
967.0,0.40997567017264125,0.0019550268009570805
968.0,0.18357389652871878,0.0019550268009570805
969.0,0.6342158435188023,0.0019550268009570805
970.0,0.22878339476585657,0.0019550268009570805
971.0,0.46436653011090356,0.0019550268009570805
972.0,0.4693894173708649,0.0019550268009570805
973.0,0.10585371105499321,0.0019550268009570805
974.0,0.05701859683882546,0.0019550268009570805
975.0,0.1388544752281307,0.0019550268009570805
976.0,0.6892773061101305,0.0019550268009570805
977.0,0.37772431268823886,0.0019550268009570805
978.0,0.10172539054378035,0.0019550268009570805
979.0,0.4556761715727051,0.0019550268009570805
980.0,0.3086882956395067,0.0019550268009570805
981.0,0.034572043692577194,0.0019550268009570805
982.0,0.7218141463929321,0.0019550268009570805
983.0,0.6206149058566833,0.0019550268009570805
984.0,0.1987286830385253,0.0019550268009570805
985.0,0.5534569999986384,0.0019550268009570805
986.0,0.10847675660036014,0.0019550268009570805
987.0,0.10073206393948127,0.0019550268009570805
988.0,0.39163562624008547,0.0019550268009570805
989.0,0.2339479372304798,0.0019550268009570805
990.0,0.03743854574466774,0.0019550268009570805
991.0,0.6555790341375084,0.0019550268009570805
992.0,0.7067925169990967,0.0019550268009570805
993.0,0.08899836783763396,0.0019550268009570805
994.0,0.5398601101893207,0.0019550268009570805
995.0,0.3396503888067752,0.0019550268009570805
996.0,0.16815613490366133,0.0019550268009570805
997.0,0.10685961594655329,0.0019550268009570805
998.0,0.5335463186260394,0.0019550268009570805
999.0,0.038381349591881934,0.0019550268009570805
1000.0,0.05140679522839564,0.0019550268009570805
1001.0,0.3448869814993798,0.0019550268009570805
1002.0,0.19428084212568775,0.0019550268009570805
1003.0,0.7173279564278906,0.0019550268009570805
1004.0,0.1190977706860391,0.0019550268009570805
1005.0,0.4230294327885169,0.0019550268009570805
1006.0,0.3581873205131603,0.0019550268009570805
1007.0,0.056500079452552546,0.0019550268009570805
1008.0,0.7245670169000953,0.0019550268009570805
1009.0,0.08059233434163009,0.0019550268009570805
1010.0,0.017343834157981297,0.0019550268009570805
1011.0,0.7230917952600547,0.0019550268009570805
1012.0,0.2918743721827915,0.0019550268009570805
1013.0,0.7008956133947175,0.0019550268009570805
1014.0,0.33381901709363454,0.0019550268009570805
1015.0,0.4810691941383427,0.0019550268009570805
1016.0,0.7846451268079392,0.0019550268009570805
1017.0,0.021242315853177946,0.0019550268009570805
1018.0,0.4487523612211232,0.0019550268009570805
1019.0,0.7447965711312018,0.0019550268009570805
1020.0,0.7344030237855421,0.0019550268009570805
1021.0,0.05872534575941033,0.0019550268009570805
1022.0,0.7675593489042126,0.20594826133581537
1023.0,0.5447145152592296,0.20594826133581537
1024.0,0.6331474821733247,0.20594826133581537
1025.0,0.5217530369572712,0.20594826133581537
1026.0,0.08393365545690476,0.20594826133581537
1027.0,0.004834870431378662,0.20594826133581537
1028.0,0.7496258815276303,0.20594826133581537
1029.0,0.20245928550005246,0.0019550268009570805
1030.0,0.3256622754698343,0.0019550268009570805
1031.0,0.7914736418760364,0.0019550268009570805
1032.0,0.517275572196595,0.0019550268009570805
1033.0,0.5827135929980836,0.0019550268009570805
1034.0,0.03311222287321194,0.0019550268009570805
1035.0,0.2760919550897399,0.0019550268009570805
1036.0,0.545260993265937,0.0019550268009570805
1037.0,0.20421791123894187,0.0019550268009570805
1038.0,0.06025676532926344,0.0019550268009570805
1039.0,0.1310483610091792,0.0019550268009570805
1040.0,0.3457736375457439,0.0019550268009570805
1041.0,0.03400923909532555,0.0019550268009570805
1042.0,0.5336245090074876,0.0019550268009570805
1043.0,0.7623943566955746,0.0019550268009570805
1044.0,0.5332313495132274,0.0019550268009570805
1045.0,0.3717112279009742,0.0019550268009570805
1046.0,0.08014976700456483,0.0019550268009570805
1047.0,0.4122362065731595,0.0019550268009570805
1048.0,0.5907372352825573,0.0019550268009570805
1049.0,0.650510771473687,0.0019550268009570805
1050.0,0.5032168654035526,0.0019550268009570805
1051.0,0.20276512891783452,0.0019550268009570805
1052.0,0.3871928009548849,0.0019550268009570805
1053.0,0.6736667892153348,0.0019550268009570805
1054.0,0.26206017140317117,0.0019550268009570805
1055.0,0.1727005518344529,0.0019550268009570805
1056.0,0.30391301670257664,0.0019550268009570805
1057.0,0.06789464250138698,0.0019550268009570805
1058.0,0.05891536886674683,0.0019550268009570805
1059.0,0.16512876194605647,0.0019550268009570805
1060.0,0.3746178042773251,0.0019550268009570805
1061.0,0.29650534917039256,0.0019550268009570805
1062.0,0.10650889353602169,0.0019550268009570805
1063.0,0.000744635287000395,0.0019550268009570805
1064.0,0.6836642935316557,0.0019550268009570805
1065.0,0.17019553099529888,0.0019550268009570805
1066.0,0.00012184406380936658,0.0019550268009570805
1067.0,0.059987252495293304,0.0019550268009570805
1068.0,0.2001130856189376,0.0019550268009570805
1069.0,0.01618947691767326,0.0019550268009570805
1070.0,0.017702223732675562,0.0019550268009570805
1071.0,0.4672914456932,0.0019550268009570805
1072.0,0.5429900499388208,0.0019550268009570805
1073.0,0.3212808032891107,0.0019550268009570805
1074.0,0.13621166958115816,0.0019550268009570805
1075.0,0.08005120494716948,0.0019550268009570805
1076.0,0.6508984365180683,0.0019550268009570805
1077.0,0.16084684283708156,0.0019550268009570805
1078.0,0.2036461251912432,0.0019550268009570805
1079.0,0.41615042357179743,0.0019550268009570805
1080.0,0.6791304264600206,0.0019550268009570805
1081.0,0.12449493340388372,0.0019550268009570805
1082.0,0.2955930313921031,0.0019550268009570805
1083.0,0.24128341147309085,0.0019550268009570805
1084.0,0.17566957657147667,0.0019550268009570805
1085.0,0.6908248821351293,0.1361271036967161
1086.0,0.15833713950714295,0.1361271036967161
1087.0,0.28824692363684556,0.1361271036967161
1088.0,0.04010964364179379,0.1361271036967161
1089.0,0.5119553165990521,0.1361271036967161
1090.0,0.5523740593537891,0.1361271036967161
1091.0,0.5390743697512927,0.1361271036967161
1092.0,0.3185481742006145,0.1361271036967161
1093.0,0.0702238259022035,0.05299977683256673
1094.0,0.07797833018460583,0.05299977683256673
1095.0,0.5009263167990522,0.05299977683256673
1096.0,0.3105248216798396,0.05299977683256673
1097.0,0.3623431834033432,0.05299977683256673
1098.0,0.1411814729617627,0.05299977683256673
1099.0,0.7555524509486756,0.05299977683256673
1100.0,0.2660510681348516,0.05299977683256673
1101.0,0.655986966774281,0.05299977683256673
1102.0,0.13120431172817892,0.05299977683256673
1103.0,0.31418627748162,0.05299977683256673
1104.0,0.28993331115128135,0.05299977683256673
1105.0,0.6784253489377821,0.0019550268009570805
1106.0,0.6722430013858626,0.0019550268009570805
1107.0,0.7206849057941874,0.2728976522958278
1108.0,0.5194361128539863,0.2728976522958278
1109.0,0.6857097636146098,0.2728976522958278
1110.0,0.16200595116005867,0.2728976522958278
1111.0,0.398636296169679,0.2728976522958278
1112.0,0.13122214365361487,0.2728976522958278
1113.0,0.32926254865804366,0.2728976522958278
1114.0,0.4091267994938925,0.2728976522958278
1115.0,0.6792354922616505,0.0019550268009570805
1116.0,0.16964569790180972,0.0019550268009570805
1117.0,0.20652291548607613,0.0019550268009570805
1118.0,0.4400230608515991,0.0019550268009570805
1119.0,0.597892615492556,0.0019550268009570805
1120.0,0.4659122787181949,0.0019550268009570805
1121.0,0.18100792386552308,0.0019550268009570805
1122.0,0.7906184643652723,0.0019550268009570805
1123.0,0.6839744893601203,0.0019550268009570805
1124.0,0.04918807330183719,0.0019550268009570805
1125.0,0.2052980462134161,0.0019550268009570805
1126.0,0.33226816469490134,0.0019550268009570805
1127.0,0.11173875483918161,0.0019550268009570805
1128.0,0.3561192449157651,0.0019550268009570805
1129.0,0.646475331006082,0.0019550268009570805
1130.0,0.461167311219205,0.0019550268009570805
1131.0,0.23371580003297363,0.0019550268009570805
1132.0,0.2376914601804595,0.0019550268009570805
1133.0,0.4496181752412034,0.0019550268009570805
1134.0,0.7485397496651104,0.0019550268009570805
1135.0,0.3537900783338028,0.0019550268009570805
1136.0,0.48180582675422245,0.0019550268009570805
1137.0,0.25453705345072486,0.0604321386025127
1138.0,0.14701281910306427,0.0604321386025127
1139.0,0.7369404286645885,0.0604321386025127
1140.0,0.756943055547673,0.0604321386025127
1141.0,0.22580158205818981,0.0604321386025127
1142.0,0.5839828361148687,0.0604321386025127
1143.0,0.17490678614924082,0.0604321386025127
1144.0,0.23678923945082195,0.0604321386025127
1145.0,0.7133246413467688,0.2935517178551042
1146.0,0.45718782728088164,0.2935517178551042
1147.0,0.2581748029967973,0.2935517178551042
1148.0,0.03538943666987662,0.2935517178551042
1149.0,0.32905504603006985,0.04642331031369406
1150.0,0.2253217131098486,0.04642331031369406
1151.0,0.2556299387793353,0.04642331031369406
1152.0,0.1672040284612798,0.0019550268009570805
1153.0,0.34838718891439024,0.0019550268009570805
1154.0,0.5036695633723595,0.0019550268009570805
1155.0,0.4254038041141896,0.0019550268009570805
1156.0,0.24699121532621068,0.0019550268009570805
1157.0,0.6231872642081898,0.0019550268009570805
1158.0,0.6564135466243805,0.0019550268009570805
1159.0,0.06824713091199763,0.0019550268009570805
1160.0,0.7082269921615755,0.0019550268009570805
1161.0,0.42985777065538994,0.0019550268009570805
1162.0,0.08453449834694488,1e-15
1163.0,0.27678904662567905,1e-15
1164.0,0.3712514034883688,1e-15
1165.0,0.6737634644151694,1e-15
1166.0,0.11710970216945861,1e-15
1167.0,0.45872458490659546,1e-15
1168.0,0.705751363343345,1e-15
1169.0,0.44165476672636084,1e-15
1170.0,0.24614291529852186,1e-15
1171.0,0.21679484845080957,0.16347782029191416
1172.0,0.19069845882835174,0.16347782029191316
1173.0,0.4110371252967371,0.16347782029191316
1174.0,0.577995519146828,0.16347782029191316
1175.0,0.21042967037082236,0.16347782029191316
1176.0,0.1934357783046842,0.16347782029191316
1177.0,0.17519857518069729,0.16347782029191316
1178.0,0.6705393346278749,0.16347782029191316
1179.0,0.0024999794756685218,0.16347782029191316
1180.0,0.29930188859493245,0.16347782029191316
1181.0,0.7759664952054285,0.16347782029191316
1182.0,0.4167200889529076,0.16347782029191316
1183.0,0.6016183741304331,0.6724428394965667
1184.0,0.7815322179224552,0.5089650192046535
1185.0,0.041820675037582154,0.5089650192046535
1186.0,0.3218164556520442,0.5089650192046535
1187.0,0.602126232508214,0.0023342151427219677
1188.0,0.49417397438528454,0.0023342151427219677
1189.0,0.6025389443765636,0.0023342151427219677
1190.0,0.08225611034341743,0.0023342151427219677
1191.0,0.7393475596015044,0.0023342151427219677
1192.0,0.4148467126610914,0.0023342151427219677
1193.0,0.42882682037761244,0.0023342151427219677
1194.0,0.011785519119851642,0.0019550268009570805
1195.0,0.03458451119032737,0.044056982873999125
1196.0,0.7610826741752508,0.044056982873999125
1197.0,0.10262288055227198,0.044056982873999125
1198.0,0.36409409481965094,0.044056982873999125
1199.0,0.13794124699884153,0.044056982873999125
1200.0,0.5922462210490017,0.044056982873999125
1201.0,0.6732740029704988,0.044056982873999125
1202.0,0.034776427001378764,0.044056982873999125
1203.0,0.699621322251998,0.044056982873999125
1204.0,0.12390447924217822,0.044056982873999125
1205.0,0.4175584765178872,0.044056982873999125
1206.0,0.46609953894558476,0.044056982873999125
1207.0,0.32949860154412225,0.044056982873999125
1208.0,0.7404581301794521,0.044056982873999125
1209.0,0.5726617684933403,0.044056982873999125
1210.0,0.2662551322344509,0.044056982873999125
1211.0,0.16770636942823128,0.12583577627278808
1212.0,0.06496136515663023,0.08177879339878896
1213.0,0.21253737449641347,0.08177879339878896
1214.0,0.5036256368134678,0.08177879339878896
1215.0,0.5068630877690894,0.08177879339878896
1216.0,0.161119255485419,0.08177879339878896
1217.0,0.7061033891300202,0.08177879339878896
1218.0,0.17633708982053603,0.08177879339878896
1219.0,0.3797343722979147,0.2869608747875311
1220.0,0.20047501103833776,0.2051820813887421
1221.0,0.0393064097367035,0.2051820813887421
1222.0,0.7908986454931934,0.2051820813887421
1223.0,0.38010582730296444,0.04056944624470515
1224.0,0.20028525673952327,0.04056944624470515
1225.0,0.4301197322177883,0.04056944624470515
1226.0,0.06270491289287745,0.04056944624470515
1227.0,0.4237990040666132,0.04056944624470515
1228.0,0.6436051175786968,0.04056944624470515
1229.0,0.7104998877533606,0.04056944624470515
1230.0,0.413747564283897,0.04056944624470515
1231.0,0.0805369999401097,0.04056944624470515
1232.0,0.4178191855182533,0.04056944624470515
1233.0,0.20789595775456066,0.04056944624470515
1234.0,0.3448000198213562,0.04056944624470515
1235.0,0.16684638930157428,0.04056944624470515
1236.0,0.7234848991427761,0.04056944624470515
1237.0,0.275036604582141,0.04056944624470515
1238.0,0.4950983110575997,0.04056944624470515
1239.0,0.42029025328953584,0.04056944624470515
1240.0,0.2548391783649071,0.04056944624470515
1241.0,0.14203775890620896,0.04056944624470515
1242.0,0.1489617785792698,0.04056944624470515
1243.0,0.7140537190101697,0.04056944624470515
1244.0,0.27760662674499903,0.04056944624470515
1245.0,0.6818413406616097,0.04056944624470515
1246.0,0.5435680278437612,0.04056944624470515
1247.0,0.2921152544016958,0.04056944624470515
1248.0,0.4820298313066586,0.04056944624470515
1249.0,0.5307072048996684,0.04056944624470515
1250.0,0.09532939491434268,0.04056944624470515
1251.0,0.07396315696044413,0.0019550268009570805
1252.0,0.4267413200509152,0.0019550268009570805
1253.0,0.041794995500130244,0.2753527283248983
1254.0,0.13838493764610466,0.2753527283248983
1255.0,0.186834560936206,0.2753527283248983
1256.0,0.22398892187638197,0.2753527283248983
1257.0,0.3718166138629379,0.2753527283248983
1258.0,0.1962955759227514,0.2753527283248983
1259.0,0.4835798026629245,0.2753527283248983
1260.0,0.30904975583260214,0.2753527283248983
1261.0,0.03892023435344307,0.2753527283248983
1262.0,0.038804394087916215,0.0019550268009570805
1263.0,0.1971345743274462,0.0019550268009570805
1264.0,0.19640049871026422,0.0019550268009570805
1265.0,0.4413553036025014,0.0019550268009570805
1266.0,0.5130928549552942,0.0019550268009570805
1267.0,0.10097821473580477,0.0019550268009570805
1268.0,0.21347542079514353,0.0019550268009570805
1269.0,0.7647130883645952,0.0019550268009570805
1270.0,0.319430157333765,0.0019550268009570805
1271.0,0.2864452341239763,0.0019550268009570805
1272.0,0.4252099702891828,0.0019550268009570805
1273.0,0.2130076290118576,0.0019550268009570805
1274.0,0.6142705469477847,0.0019550268009570805
1275.0,0.21625119989956118,0.0019550268009570805
1276.0,0.5012977797215145,0.0019550268009570805
1277.0,0.6397379822868912,0.0019550268009570805
1278.0,0.16057518552800443,0.0019550268009570805
1279.0,0.5054372198079173,0.0019550268009570805
1280.0,0.24859268897976472,0.0019550268009570805
1281.0,0.24144388268658706,0.0019550268009570805
1282.0,0.6826629248151665,0.0019550268009570805
1283.0,0.6631850181719595,0.0019550268009570805
1284.0,0.4988591850833201,0.0019550268009570805
1285.0,0.06897421757779484,0.0019550268009570805
1286.0,0.42626786901750646,0.0019550268009570805
1287.0,0.12031434751627285,0.0019550268009570805
1288.0,0.5618013447237005,0.0019550268009570805
1289.0,0.37125022351642173,0.0019550268009570805
1290.0,0.5912224685719772,0.0019550268009570805
1291.0,0.166010117245428,0.0019550268009570805
1292.0,0.2166851403811806,0.0019550268009570805
1293.0,0.39778006580150743,0.0019550268009570805
1294.0,0.19965751673792279,0.0019550268009570805
1295.0,0.43682488109519907,0.0019550268009570805
1296.0,0.4730810479211502,0.0019550268009570805
1297.0,0.40950813353668314,0.0019550268009570805
1298.0,0.57376383297816,0.0019550268009570805
1299.0,0.3917367054106209,0.0019550268009570805
1300.0,0.5276640496926861,0.0019550268009570805
1301.0,0.423576930040935,0.0019550268009570805
1302.0,0.18815967781637627,0.0019550268009570805
1303.0,0.08623407849894246,0.0019550268009570805
1304.0,0.02236799551173953,0.0019550268009570805
1305.0,0.5442013056999095,0.0019550268009570805
1306.0,0.6260781022331787,0.0019550268009570805
1307.0,0.5176801404235589,0.0019550268009570805
1308.0,0.7301942260564721,0.0019550268009570805
1309.0,0.5973407508106799,0.0019550268009570805
1310.0,0.14883429207256416,0.0019550268009570805
1311.0,0.3951542434943599,0.0019550268009570805
1312.0,0.7810806525624224,0.0019550268009570805
1313.0,0.7368374749776853,0.0019550268009570805
1314.0,0.47912507463687376,0.0019550268009570805
1315.0,0.09337927092916021,0.0019550268009570805
1316.0,0.6639788599235589,0.0019550268009570805
1317.0,0.642099709065155,0.0019550268009570805
1318.0,0.28098542201775184,0.0019550268009570805
1319.0,0.22708694848852862,0.0019550268009570805
1320.0,0.23436863540096808,0.0019550268009570805
1321.0,0.03325781689554591,0.0019550268009570805
1322.0,0.3003043730538874,0.0019550268009570805
1323.0,0.27896499898705285,0.0019550268009570805
1324.0,0.36904112137139805,0.0019550268009570805
1325.0,0.7495902464124503,0.0019550268009570805
1326.0,0.3442495517035406,0.0019550268009570805
1327.0,0.5458345289687554,0.0019550268009570805
1328.0,0.611577348664083,0.036450483697813396
1329.0,0.4801698635562608,0.036450483697813396
1330.0,0.1845772722735362,0.036450483697813396
1331.0,0.19287961898052358,0.036450483697813396
1332.0,0.30103579904161437,0.036450483697813396
1333.0,0.6253193067478183,0.036450483697813396
1334.0,0.08241590667495519,0.036450483697813396
1335.0,0.045162803373063685,0.036450483697813396
1336.0,0.28649495958433596,0.036450483697813396
1337.0,0.34619326208608087,0.036450483697813396
1338.0,0.050403297289592926,0.036450483697813396
1339.0,0.6934330574454919,0.036450483697813396
1340.0,0.2637937229412694,0.036450483697813396
1341.0,0.46015103659607043,0.036450483697813396
1342.0,0.07438049725394999,0.036450483697813396
1343.0,0.6563312758584481,0.036450483697813396
1344.0,0.25571841704082,0.036450483697813396
1345.0,0.6440917268434768,0.036450483697813396
1346.0,0.579044923141608,0.036450483697813396
1347.0,0.41506615021769044,0.036450483697813396
1348.0,0.5360835005231555,0.036450483697813396
1349.0,0.30949053853171843,0.0019550268009570805
1350.0,0.1835977378522354,0.0019550268009570805
1351.0,0.2770015882260772,0.0019550268009570805
1352.0,0.32881839735916696,0.0019550268009570805
1353.0,0.40042943832087996,0.0019550268009570805
1354.0,0.5269269771049919,0.0019550268009570805
1355.0,0.4637655572738023,0.0019550268009570805
1356.0,0.18201090946637433,0.0019550268009570805
1357.0,0.3625831749497792,0.0019550268009570805
1358.0,0.759886310917049,0.0019550268009570805
1359.0,0.7236839047349558,0.0019550268009570805
1360.0,0.2079197442268048,0.0019550268009570805
1361.0,0.49769725021104905,0.0019550268009570805
1362.0,0.34082202817314955,0.0019550268009570805
1363.0,0.0836299842444388,0.0019550268009570805
1364.0,0.6433200955381402,0.0019550268009570805
1365.0,0.7401770513159762,0.0019550268009570805
1366.0,0.2789887967181776,0.0019550268009570805
1367.0,0.17191118602410121,0.0019550268009570805
1368.0,0.33496975044934213,0.0019550268009570805
1369.0,0.29485220758809133,0.0019550268009570805
1370.0,0.04559728037691752,0.0019550268009570805
1371.0,0.16993375246428796,0.0019550268009570805
1372.0,0.5258442779031499,0.0019550268009570805
1373.0,0.34308507200247257,0.0019550268009570805
1374.0,0.7401965777274484,0.0019550268009570805
1375.0,0.023549475660482606,0.0019550268009570805
1376.0,0.1037045067454903,0.0019550268009570805
1377.0,0.3793537285393636,0.0019550268009570805
1378.0,0.5217451192012296,0.0019550268009570805
1379.0,0.1267754278002342,0.0019550268009570805
1380.0,0.2924905562292508,0.0019550268009570805
1381.0,0.25955277513998865,0.0019550268009570805
1382.0,0.23885888175543896,0.0019550268009570805
1383.0,0.5943951374052661,0.0019550268009570805
1384.0,0.32858306599811254,0.0019550268009570805
1385.0,0.5133174413438804,0.0019550268009570805
1386.0,0.5514798403583128,0.0019550268009570805
1387.0,0.09532455301433297,0.0019550268009570805
1388.0,0.5709327988094766,0.0019550268009570805
1389.0,0.25780838940924977,0.0019550268009570805
1390.0,0.5326605168117662,0.0019550268009570805
1391.0,0.1550538085073124,0.0019550268009570805
1392.0,0.5574109251143073,0.0019550268009570805
1393.0,0.012293009723802645,0.0019550268009570805
1394.0,0.5518146361113317,0.0019550268009570805
1395.0,0.7807982194183152,0.0019550268009570805
1396.0,0.02233574466741278,0.0019550268009570805
1397.0,0.635168915200665,0.0019550268009570805
1398.0,0.3974279735129386,0.0019550268009570805
1399.0,0.5439682169754144,0.0019550268009570805
1400.0,0.4319253812584202,0.0019550268009570805
1401.0,0.49819627592651156,0.0019550268009570805
1402.0,0.21975279868209247,0.0019550268009570805
1403.0,0.720833613272067,0.0019550268009570805
1404.0,0.15206728239680936,0.0019550268009570805
1405.0,0.19778549953010863,0.0019550268009570805
1406.0,0.25464463219950945,0.0019550268009570805
1407.0,0.1917035251292508,0.0019550268009570805
1408.0,0.44191276336972085,0.0019550268009570805
1409.0,0.5197734534898691,0.0019550268009570805
1410.0,0.7732007006658373,0.0019550268009570805
1411.0,0.6094054015916444,0.0019550268009570805
1412.0,0.24816839914984323,0.0019550268009570805
1413.0,0.5842649477708195,0.0019550268009570805
1414.0,0.5060158252371926,0.0019550268009570805
1415.0,0.2080651631686432,0.0019550268009570805
1416.0,0.7786192568782916,0.0019550268009570805
1417.0,0.09006219234198705,0.0019550268009570805
1418.0,0.4728213522805361,0.0019550268009570805
1419.0,0.018523006233905574,0.0019550268009570805
1420.0,0.3039407813509141,0.0019550268009570805
1421.0,0.4231695067249007,0.0019550268009570805
1422.0,0.048910167926751645,0.0019550268009570805
1423.0,0.7841227431278809,0.0019550268009570805
1424.0,0.6792115506282516,0.0019550268009570805
1425.0,0.6171816351309941,0.0019550268009570805
1426.0,0.19557011942378888,0.0019550268009570805
1427.0,0.5216162876248318,0.0019550268009570805
1428.0,0.28716392533816787,0.0019550268009570805
1429.0,0.47828177252628806,0.0019550268009570805
1430.0,0.5279469162845338,0.0019550268009570805
1431.0,0.7718474187440211,0.0019550268009570805
1432.0,0.12199362399605171,0.0019550268009570805
1433.0,0.6323852684082717,0.0019550268009570805
1434.0,0.11188206470950293,0.0019550268009570805
1435.0,0.09533266036715514,0.0019550268009570805
1436.0,0.09563177446002727,0.0019550268009570805
1437.0,0.015908065645648038,0.0019550268009570805
1438.0,0.0022743798820214186,0.0019550268009570805
1439.0,0.32683390105977755,0.0019550268009570805
1440.0,0.762118245899466,0.0019550268009570805
1441.0,0.5863967569217289,0.0019550268009570805
1442.0,0.4345259027750111,0.0019550268009570805
1443.0,0.018739394409225642,0.0019550268009570805
1444.0,0.6572170969242197,0.0019550268009570805
1445.0,0.237711199032615,0.0019550268009570805
1446.0,0.21303085323984317,0.0019550268009570805
1447.0,0.49148116783697954,0.0019550268009570805
1448.0,0.7815311568696491,0.0019550268009570805
1449.0,0.7751760103992115,0.0019550268009570805
1450.0,0.444926560951927,0.0019550268009570805
1451.0,0.524187972112692,0.0019550268009570805
1452.0,0.02215137693306224,0.0019550268009570805
1453.0,0.2896417493695767,0.3738132281189075
1454.0,0.18620518427713553,0.3738132281189075
1455.0,0.32956001001351937,0.3738132281189075
1456.0,0.6451574987073134,0.3738132281189075
1457.0,0.28577760821667686,0.0019550268009570805
1458.0,0.3570458550147318,0.0019550268009570805
1459.0,0.6494384521928177,0.2465923213399935
1460.0,0.6600361133808843,0.2465923213399935
1461.0,0.4820770542314921,0.2465923213399935
1462.0,0.7817162151635989,0.2465923213399935
1463.0,0.5017562365634515,0.2465923213399935
1464.0,0.23487338439194363,0.2465923213399935
1465.0,0.1868838224746622,0.2465923213399935
1466.0,0.3000016776653227,0.2465923213399935
1467.0,0.05463173689193418,0.0019550268009570805
1468.0,0.21699142323623688,0.0019550268009570805
1469.0,0.6174999150259022,0.0019550268009570805
1470.0,0.26300435219806223,0.0019550268009570805
1471.0,0.16046204382247178,0.0019550268009570805
1472.0,0.6850765139571238,0.0019550268009570805
1473.0,0.49360425191378976,0.006175470313266275
1474.0,0.43462320100962376,0.006175470313266275
1475.0,0.7390943459598296,0.006175470313266275
1476.0,0.3971145452756001,0.006175470313266275
1477.0,0.6120840390795645,0.006175470313266275
1478.0,0.10544627999212972,0.006175470313266275
1479.0,0.4090106993178313,0.006175470313266275
1480.0,0.7889088068920902,0.006175470313266275
1481.0,0.4969635243520957,0.006175470313266275
1482.0,0.02798675384290454,0.006175470313266275
1483.0,0.7519704945722815,0.006175470313266275
1484.0,0.7147067459594558,0.006175470313266275
1485.0,0.680821041262706,0.006175470313266275
1486.0,0.3075884129812686,0.006175470313266275
1487.0,0.7262282137414653,0.006175470313266275
1488.0,0.3347371688297363,0.006175470313266275
1489.0,0.25169606958899815,0.006175470313266275
1490.0,0.040725364303993226,0.006175470313266275
1491.0,0.45150770919596905,0.006175470313266275
1492.0,0.2575503158126978,0.006175470313266275
1493.0,0.6980480327856667,0.006175470313266275
1494.0,0.6700889331767899,0.006175470313266275
1495.0,0.07166469451802933,0.006175470313266275
1496.0,0.30885067016474116,0.006175470313266275
1497.0,0.6121161331752665,0.006175470313266275
1498.0,0.20763170673123743,0.006175470313266275
1499.0,0.1795429735363121,0.006175470313266275
1500.0,0.6698577295979564,0.006175470313266275
1501.0,0.20482536600835724,0.006175470313266275
1502.0,0.5643479723830028,0.006175470313266275
1503.0,0.04228233463256001,0.006175470313266275
1504.0,0.4150641377665946,0.006175470313266275
1505.0,0.3196544459861107,0.006175470313266275
1506.0,0.4745929810050623,0.006175470313266275
1507.0,0.16623868554038704,0.006175470313266275
1508.0,0.06307229261641654,0.006175470313266275
1509.0,0.5177810736305871,0.006175470313266275
1510.0,0.1629410808732803,0.006175470313266275
1511.0,0.1068240855775231,0.006175470313266275
1512.0,0.2378546840287557,0.006175470313266275
1513.0,0.032462819824118846,0.006175470313266275
1514.0,0.41899512178682435,0.006175470313266275
1515.0,0.40831086075178097,0.006175470313266275
1516.0,0.4803938743538335,0.006175470313266275
1517.0,0.027465930742938075,0.006175470313266275
1518.0,0.029648053177134672,0.006175470313266275
1519.0,0.7882030168122914,0.006175470313266275
1520.0,0.6580607917877728,0.006175470313266275
1521.0,0.06980933323517471,0.006175470313266275
1522.0,0.47989358199127824,0.006175470313266275
1523.0,0.35418258642795963,0.006175470313266275
1524.0,0.6351420864869952,0.21852847627590632
1525.0,0.4830472981136865,0.21852847627590632
1526.0,0.22958011566602923,0.21852847627590632
1527.0,0.19792243070648974,0.21852847627590632
1528.0,0.5300993130273729,0.21852847627590632
1529.0,0.7423161574512012,0.21852847627590632
1530.0,0.6009550667918605,0.21852847627590632
1531.0,0.39628528919048994,0.33796468768037435
1532.0,0.47990253994186055,0.33796468768037435
1533.0,0.09750580280545056,0.33796468768037435
1534.0,0.2547333287987036,0.4049753701751876
1535.0,0.342672877916691,0.06701068249481323
1536.0,0.2975032696916799,0.06701068249481323
1537.0,0.5342928034100762,0.06701068249481323
1538.0,0.05261693366076076,0.06701068249481323
1539.0,0.19251120363496174,0.06701068249481323
1540.0,0.3852250624552348,0.06701068249481323
1541.0,0.07163562787483609,0.18699124637399953
1542.0,0.6069371708193632,0.18699124637399953
1543.0,0.326597001156072,0.18699124637399953
1544.0,0.15150404281413143,0.18699124637399953
1545.0,0.49589771040076924,0.18699124637399953
1546.0,0.11854096287851724,0.18699124637399953
1547.0,0.3137427643483715,0.18699124637399953
1548.0,0.6434211462747697,0.18699124637399953
1549.0,0.6360479989103179,0.18699124637399953
1550.0,0.5389337851150425,0.18699124637399953
1551.0,0.0164506833267658,0.18699124637399953
1552.0,0.06780154928054018,0.0019550268009570805
1553.0,0.2821943117451532,0.06524187310006058
1554.0,0.5252633129623985,0.06524187310006058
1555.0,0.7387956883754657,0.06524187310006058
1556.0,0.03819058711907393,0.06524187310006058
1557.0,0.7723932031148407,0.06524187310006058
1558.0,0.1767890536398319,0.06524187310006058
1559.0,0.3037881738733357,0.06524187310006058
1560.0,0.02679159658822815,0.06524187310006058
1561.0,0.24971375575543003,0.06524187310006058
1562.0,0.6536564158106283,0.06524187310006058
1563.0,0.2540216472836745,0.06524187310006058
1564.0,0.24457015375753838,0.06524187310006058
1565.0,0.4772684288827378,0.06524187310006058
1566.0,0.6414314068404151,0.06524187310006058
1567.0,0.05762633793535091,0.06524187310006058
1568.0,0.5899483855184633,0.06524187310006058
1569.0,0.45405751966097385,0.06524187310006058
1570.0,0.14486965084345288,0.06524187310006058
1571.0,0.7106377182024725,0.0019550268009570805
1572.0,0.79374366754049,0.21595141773662382
1573.0,0.03960828788817821,0.21595141773662382
1574.0,0.2474487665249243,0.21595141773662382
1575.0,0.2935694320287643,0.21595141773662382
1576.0,0.14516153483314498,0.21595141773662382
1577.0,0.6314931621694221,0.21595141773662382
1578.0,0.65570386635368,0.21595141773662382
1579.0,0.23030324605622335,0.3795048787018408
1580.0,0.34371606951278666,0.3795048787018408
1581.0,0.6863266265365067,0.3795048787018408
1582.0,0.14929295947699034,0.3795048787018408
1583.0,0.7508704008560657,0.0019550268009570805
1584.0,0.15761794383951608,0.0019550268009570805
1585.0,0.21790794819226078,0.0019550268009570805
1586.0,0.5751735651432472,0.0019550268009570805
1587.0,0.10437546940935401,0.0019550268009570805
1588.0,0.23957855187917684,0.0019550268009570805
1589.0,0.6454776231046223,0.0019550268009570805
1590.0,0.21879188101082753,0.0019550268009570805
1591.0,0.7240590117139647,0.0019550268009570805
1592.0,0.4785282410254723,0.0019550268009570805
1593.0,0.13379240450657823,0.40602298875478976
1594.0,0.06732367156430998,0.40602298875478976
1595.0,0.5832130429594689,0.40602298875478976
1596.0,0.05984192665163253,0.40602298875478976
1597.0,0.7282574818179339,0.40602298875478976
1598.0,0.5927017964216704,0.40602298875478976
1599.0,0.5873191731416261,0.17104917737435615
1600.0,0.3815968092998725,0.17104917737435615
1601.0,0.19794882100272612,0.17104917737435615
1602.0,0.6353391169024258,0.17104917737435615
1603.0,0.4892877669516507,0.17104917737435615
1604.0,0.27425170872775695,0.5195081652149066
1605.0,0.6520202248858037,0.34845898784055046
1606.0,0.1508043754008086,0.34845898784055046
1607.0,0.6157092544522638,0.34845898784055046
1608.0,0.04392141863732549,0.0019550268009570805
1609.0,0.15097842337629516,0.0019550268009570805
1610.0,0.5471044871549195,0.0019550268009570805
1611.0,0.3090873584163982,0.0019550268009570805
1612.0,0.47005655579084904,0.0019550268009570805
1613.0,0.48438438214838114,0.0019550268009570805
1614.0,0.47264311714324597,0.2524453687031935
1615.0,0.15492942671850252,0.2524453687031935
1616.0,0.20800124250109106,0.2524453687031935
1617.0,0.4274611483853951,0.2524453687031935
1618.0,0.24073841386483527,0.2524453687031935
1619.0,0.2633333446842048,0.2524453687031935
1620.0,0.643431094397104,0.2524453687031935
1621.0,0.4769563990141093,0.2524453687031935
1622.0,0.1477095527785204,0.2524453687031935
1623.0,0.595420104398516,0.2524453687031935
1624.0,0.19409330854163132,0.2640044465749007
1625.0,0.21804143263191333,0.2640044465749007
1626.0,0.5583597533371979,0.2640044465749007
1627.0,0.15712613020754831,0.2640044465749007
1628.0,0.3925164466623325,0.2640044465749007
1629.0,0.038846498759269134,0.1841238979721704
1630.0,0.2774239973956399,0.1841238979721704
1631.0,0.7662914056110556,0.1841238979721704
1632.0,0.2501543519722299,0.1841238979721704
1633.0,0.055330932431776864,0.1841238979721704
1634.0,0.4342129781350739,0.1841238979721704
1635.0,0.19476891849070063,0.1841238979721704
1636.0,0.17340784252446234,0.1841238979721704
1637.0,0.2464964679563538,0.1841238979721704
1638.0,0.5057612934594923,0.1841238979721704
1639.0,0.058722546115307965,0.1841238979721704
1640.0,0.23681580451975207,0.1841238979721704
1641.0,0.6617390840087415,0.1841238979721704
1642.0,0.37478764935495734,0.08766689027524666
1643.0,0.5680734313779736,0.08766689027524666
1644.0,0.6206024178503661,0.08766689027524666
1645.0,0.3368949432244676,0.08766689027524666
1646.0,0.5851007849352085,0.08766689027524666
1647.0,0.6602528785370957,0.08766689027524666
1648.0,0.6352161071493253,0.08766689027524666
1649.0,0.7131203639489149,0.08766689027524666
1650.0,0.6965825772513178,0.08766689027524666
1651.0,0.7075775422613806,0.08766689027524666
1652.0,0.4137036924142636,0.08766689027524666
1653.0,0.682863324629412,0.2007995521009992
1654.0,0.5908354495708458,0.11313266182575255
1655.0,0.6932898654964625,0.11313266182575255
1656.0,0.09009219352559208,0.11313266182575255
1657.0,0.22721014496468672,0.11313266182575255
1658.0,0.18321556198305725,0.11313266182575255
1659.0,0.6967045523517735,0.11313266182575255
1660.0,0.6285048496781479,0.11313266182575255
1661.0,0.2257320189336935,0.11600756004218075
1662.0,0.3367692381640432,0.11600756004218075
1663.0,0.6478159519313044,0.11600756004218075
1664.0,0.6807363857310342,0.11600756004218075
1665.0,0.45860514339925995,0.11600756004218075
1666.0,0.13016692358648163,0.11600756004218075
1667.0,0.15208681958002832,0.0019550268009570805
1668.0,0.7536814349564647,0.0019550268009570805
1669.0,0.4912566400064883,0.0019550268009570805
1670.0,0.5022002996393536,0.0019550268009570805
1671.0,0.015763208497337235,0.0019550268009570805
1672.0,0.5025374597605194,0.0019550268009570805
1673.0,0.3391309188674453,0.10194526045150018
1674.0,0.09753899924102304,0.10194526045150018
1675.0,0.04076723769806961,0.10194526045150018
1676.0,0.40675292369857585,0.10194526045150018
1677.0,0.02858483881428735,0.10194526045150018
1678.0,0.11439898828288145,0.10194526045150018
1679.0,0.5176348487974765,0.10194526045150018
1680.0,0.07087392824228393,0.10194526045150018
1681.0,0.2951492896735394,0.10194526045150018
1682.0,0.4426946218749946,0.2485053566159438
1683.0,0.6035664939124632,0.14656009616444363
1684.0,0.008070429290524952,0.14656009616444363
1685.0,0.7136003780937942,0.14656009616444363
1686.0,0.4541059761409815,0.14656009616444363
1687.0,0.7103987946293396,0.14656009616444363
1688.0,0.2732174083078177,0.14656009616444363
1689.0,0.12199981719752552,0.041906065369612826
1690.0,0.2964219608138199,0.041906065369612826
1691.0,0.10303199137359162,0.041906065369612826
1692.0,0.4398930740060887,0.041906065369612826
1693.0,0.016394346342205896,0.041906065369612826
1694.0,0.7326470814126146,0.13672159049211857
1695.0,0.6704851261254969,0.09481552512250574
1696.0,0.6836985099855563,0.09481552512250574
1697.0,0.10251809013267595,0.09481552512250574
1698.0,0.5451141849513295,0.09481552512250574
1699.0,0.6555572207187867,0.09481552512250574
1700.0,0.22769359773258238,0.09481552512250574
1701.0,0.2886359650772789,0.09481552512250574
1702.0,0.4792657219008382,0.09481552512250574
1703.0,0.7513967417683299,0.09481552512250574
1704.0,0.2535598221463081,0.09481552512250574
1705.0,0.5158989668312823,0.09481552512250574
1706.0,0.09661925983362338,0.09481552512250574
1707.0,0.2589007250520338,0.0019550268009570805
1708.0,0.16975286116270283,0.0019550268009570805
1709.0,0.02489396766224761,0.0019550268009570805
1710.0,0.18323659645252216,0.0019550268009570805
1711.0,0.7794938138390649,0.0019550268009570805
1712.0,0.169415962874888,0.0019550268009570805
1713.0,0.7907960412952859,0.0019550268009570805
1714.0,0.5409213880527154,0.0019550268009570805
1715.0,0.4507744628360993,0.0019550268009570805
1716.0,0.2798570219480739,0.0019550268009570805
1717.0,0.7446761885017883,0.0019550268009570805
1718.0,0.14728132561339582,0.0019550268009570805
1719.0,0.6288185732947341,0.0019550268009570805
1720.0,0.6477198277330704,0.0019550268009570805
1721.0,0.05821716175661399,0.0019550268009570805
1722.0,0.4940456343691053,0.0019550268009570805
1723.0,0.46535658111543254,0.0019550268009570805
1724.0,0.3951996110069541,0.0019550268009570805
1725.0,0.751818651329426,0.0019550268009570805
1726.0,0.532392346571313,0.18784218021457244
1727.0,0.719649270902997,0.18784218021457244
1728.0,0.4338801984758757,0.18784218021457244
1729.0,0.45225804361305133,0.18784218021457244
1730.0,0.12418300972485774,0.18784218021457244
1731.0,0.20146917373647732,0.18784218021457244
1732.0,0.3397374347780062,0.18784218021457244
1733.0,0.037269814934861936,0.18784218021457244
1734.0,0.18440751261738678,0.18784218021457244
1735.0,0.15822124270037663,0.18784218021457244
1736.0,0.19014599420874798,0.0019550268009570805
1737.0,0.48192565711942437,0.0019550268009570805
1738.0,0.12234225008134175,0.0019550268009570805
1739.0,0.3315160333198318,0.0019550268009570805
1740.0,0.35321459160767715,0.0019550268009570805
1741.0,0.7230952269271425,0.0019550268009570805
1742.0,0.5887684608068702,0.0019550268009570805
1743.0,0.31863534358386664,0.0019550268009570805
1744.0,0.18953164541544146,0.0019550268009570805
1745.0,0.04045622627109483,0.0019550268009570805
1746.0,0.402242071935137,0.0019550268009570805
1747.0,0.7285442188958529,0.0019550268009570805
1748.0,0.015382580066031059,0.0019550268009570805
1749.0,0.16197203545314226,0.0019550268009570805
1750.0,0.25993692686852227,0.0019550268009570805
1751.0,0.051200062242712376,0.0019550268009570805
1752.0,0.5051293042557102,0.2872533249530266
1753.0,0.021648176791763014,0.2872533249530266
1754.0,0.37118494587484535,0.2872533249530266
1755.0,0.07880243662934788,0.2872533249530266
1756.0,0.5019886226347078,0.2872533249530266
1757.0,0.422651688203512,0.2872533249530266
1758.0,0.5447586505891577,0.2872533249530266
1759.0,0.6767930626683998,0.2872533249530266
1760.0,0.2324289596494738,0.2872533249530266
1761.0,0.5089564518113903,0.2872533249530266
1762.0,0.48716010446162994,0.0019550268009570805
1763.0,0.32306256132824596,0.1611963296901997
1764.0,0.17734583854855349,0.1611963296901997
1765.0,0.6993101978181356,0.1611963296901997
1766.0,0.49753395852953447,0.1611963296901997
1767.0,0.5929753842055807,0.1611963296901997
1768.0,0.7472114654964626,0.1611963296901997
1769.0,0.07836320370815544,0.1611963296901997
1770.0,0.6820091609957964,0.1611963296901997
1771.0,0.6216210046209986,0.1611963296901997
1772.0,0.7698125041990712,0.1611963296901997
1773.0,0.15353694677315366,0.1611963296901997
1774.0,0.7824914603242042,0.027916193147695743
1775.0,0.5496065952026108,0.027916193147695743
1776.0,0.7718876647661521,0.027916193147695743
1777.0,0.3621819689352333,0.027916193147695743
1778.0,0.013355612209084626,0.027916193147695743
1779.0,0.5950237318341042,0.027916193147695743
1780.0,0.7721979114269327,0.027916193147695743
1781.0,0.744783949816401,0.027916193147695743
1782.0,0.018986171133326357,0.027916193147695743
1783.0,0.48068110312905066,0.027916193147695743
1784.0,0.4304135492086992,0.027916193147695743
1785.0,0.21862100140111765,0.027916193147695743
1786.0,0.4205515268111853,0.027916193147695743
1787.0,0.43865250505980247,0.027916193147695743
1788.0,0.034301313181368094,0.027916193147695743
1789.0,0.694227165882013,0.027916193147695743
1790.0,0.7909029923274735,0.027916193147695743
1791.0,0.43190027207516796,0.027916193147695743
1792.0,0.39467078310788056,0.027916193147695743
1793.0,0.1179235449565452,0.027916193147695743
1794.0,0.38532747326631167,0.027916193147695743
1795.0,0.36223899622484834,0.5481204917264522
1796.0,0.32424008396529697,0.5481204917264522
1797.0,0.5519539844066882,0.5481204917264522
1798.0,0.6986115466330522,0.0019550268009570805
1799.0,0.7880764737580549,0.0019550268009570805
1800.0,0.7791735360170432,0.0019550268009570805
1801.0,0.247022248674157,0.0019550268009570805
1802.0,0.363464656330442,0.0019550268009570805
1803.0,0.707439646973489,0.0019550268009570805
1804.0,0.15940931765032412,0.0019550268009570805
1805.0,0.705479014414104,0.0019550268009570805
1806.0,0.23937258518397247,0.0019550268009570805
1807.0,0.011438122626492638,0.0019550268009570805
1808.0,0.45498445096240164,0.0019550268009570805
1809.0,0.5673991281330129,0.033391881409470005
1810.0,0.721138919415486,0.033391881409470005
1811.0,0.20462279151511337,0.033391881409470005
1812.0,0.7497644665488745,0.033391881409470005
1813.0,0.02320095254209032,0.033391881409470005
1814.0,0.6390586626338026,0.033391881409470005
1815.0,0.758238880024414,0.033391881409470005
1816.0,0.03454489345548949,0.033391881409470005
1817.0,0.1407744947250713,0.033391881409470005
1818.0,0.251900874880452,0.033391881409470005
1819.0,0.7121461556529227,0.033391881409470005
1820.0,0.6939897656545222,0.033391881409470005
1821.0,0.1299380664814519,0.033391881409470005
1822.0,0.6415326361158251,0.033391881409470005
1823.0,0.7366294874089389,0.033391881409470005
1824.0,0.4732971417171157,0.033391881409470005
1825.0,0.2380353684651653,0.033391881409470005
1826.0,0.7628664922679657,0.033391881409470005
1827.0,0.25347796126799776,0.033391881409470005
1828.0,0.011530741192491142,0.033391881409470005
1829.0,0.7245597320867282,0.033391881409470005
1830.0,0.44273918272457213,0.033391881409470005
1831.0,0.7936329375922851,0.033391881409470005
1832.0,0.43411575652757917,0.033391881409470005
1833.0,0.7612227868066391,0.033391881409470005
1834.0,0.36217345554125097,0.033391881409470005
1835.0,0.14319410674480354,0.28720543099031726
1836.0,0.6536809427008939,0.28720543099031726
1837.0,0.7045987913439129,0.28720543099031726
1838.0,0.14796770409894144,0.28720543099031726
1839.0,0.6287463393303702,0.28720543099031726
1840.0,0.4273774391227046,0.2523334419880207
1841.0,0.6557410367476381,0.2523334419880207
1842.0,0.03146725755341145,0.2523334419880207
1843.0,0.029051896539658884,0.2523334419880207
1844.0,0.5347701728990915,0.2523334419880207
1845.0,0.36004660703181135,0.2523334419880207
1846.0,0.2404084994676975,0.2523334419880207
1847.0,0.284923361863918,0.2523334419880207
1848.0,0.4687305688303332,0.2523334419880207
1849.0,0.7349341718726727,0.291763203000992
1850.0,0.27850915827707057,0.291763203000992
1851.0,0.44272200436553544,0.291763203000992
1852.0,0.5148662534430943,0.291763203000992
1853.0,0.3074461611453017,0.291763203000992
1854.0,0.19045341284855513,0.291763203000992
1855.0,0.7045182031342929,0.291763203000992
1856.0,0.2650616308500094,0.0019550268009570805
1857.0,0.35633371270905756,0.0019550268009570805
1858.0,0.4715312581004614,0.0019550268009570805
1859.0,0.6036418098050916,0.0019550268009570805
1860.0,0.03266935017544279,0.0019550268009570805
1861.0,0.09211240015067727,0.025956563235877816
1862.0,0.29039211215523986,0.025956563235877816
1863.0,0.7671487681215193,0.025956563235877816
1864.0,0.029622023844694492,0.025956563235877816
1865.0,0.08362595598618613,0.025956563235877816
1866.0,0.3395911059164206,0.16214792415725626
1867.0,0.5348926827370716,0.16214792415725626
1868.0,0.4922244325596217,0.16214792415725626
1869.0,0.7721214255809089,0.16214792415725626
1870.0,0.2664232090946795,0.16214792415725626
1871.0,0.03558901362844605,0.16214792415725626
1872.0,0.34022784642266257,0.16214792415725626
1873.0,0.13551158272767577,0.16214792415725626
1874.0,0.6055306829577958,0.16214792415725626
1875.0,0.6383041737508257,0.0019550268009570805
1876.0,0.020757938734089213,0.0019550268009570805
1877.0,0.052863044586522946,0.0019550268009570805
1878.0,0.4611494050289214,0.2194753115860546
1879.0,0.5897242803897703,0.2194753115860546
1880.0,0.5339720709892892,0.2194753115860546
1881.0,0.5739081843847612,0.2194753115860546
1882.0,0.4232849593148439,0.2194753115860546
1883.0,0.10680117869582535,0.2194753115860546
1884.0,0.08715350576574069,0.2194753115860546
1885.0,0.3228266301919826,0.2194753115860546
1886.0,0.1377348452456884,0.2194753115860546
1887.0,0.11636446559681482,0.24626919766639874
1888.0,0.1165003403523868,0.026793886080344144
1889.0,0.4906285887703079,0.026793886080344144
1890.0,0.19880140400161986,0.026793886080344144
1891.0,0.659962185361049,0.026793886080344144
1892.0,0.6556724246158275,0.18604174545990873
1893.0,0.2852320705447961,0.18604174545990873
1894.0,0.16735285903157907,0.18604174545990873
1895.0,0.4363732066564118,0.18604174545990873
1896.0,0.6267140997761239,0.18604174545990873
1897.0,0.6296784375844823,0.18604174545990873
1898.0,0.3825621049869869,0.16083021827500824
1899.0,0.501614939410057,0.16083021827500824
1900.0,0.7205824416306502,0.16083021827500824
1901.0,0.31979268250277665,0.0019550268009570805
1902.0,0.5324215744973582,0.0019550268009570805
1903.0,0.5241355763128975,0.0019550268009570805
1904.0,0.4187625288734381,0.0019550268009570805
1905.0,0.5340274723631998,0.0019550268009570805
1906.0,0.2334253755948881,0.0019550268009570805
1907.0,0.6798419210173754,0.0019550268009570805
1908.0,0.6839325635971442,0.0019550268009570805
1909.0,0.29557952162330575,0.0019550268009570805
1910.0,0.46082414474540945,0.2742595156696706
1911.0,0.666374325255694,0.2742595156696706
1912.0,0.05846746147873937,0.0019550268009570805
1913.0,0.49407386105423,0.0019550268009570805
1914.0,0.2267178640149747,0.0019550268009570805
1915.0,0.5049860591456827,0.0019550268009570805
1916.0,0.2174778238043276,0.0019550268009570805
